Q1,Q2,Q3,Q5,Q6,Q7,Q8,Q9,Q10_1,Q10_2,Q10_3,Q10_4,Q10_5,Q10_6,Q10_7,Q10_8,Q10_9,Q10_10,Q10_11,Q10_12,Q11,Q12,Q13,Q17_1,Q17_2,Q17_3,Q17_4,Q17_5,Q17_6,Q17_7,Q17_8,Q17_9,Q17_10,Q17_11,Q17_12,Q18
Female,White,27,International,PhD,1,Arts and humanities,To a large extent,Sometimes,Almost never,Never,Fairly often,Never,Almost never,Very often,Sometimes,Sometimes,Sometimes,Almost never,Sometimes,Meditation and Exercising,Yes,Yes,Sometimes,Fairly often,Never,Never,Never,Never,Sometimes,Never,Never,Very often,Almost never,Never,Being away from home as an international student
Female,White,26,EU,PhD,2,Computer science,Somewhat,Fairly often,Sometimes,Very often,Almost never,Sometimes,Never,Fairly often,Fairly often,Sometimes,Almost never,Never,Sometimes,"meditation, yoga",Yes,Yes,Very often,Fairly often,Almost never,Never,Sometimes,Sometimes,Sometimes,Never,Sometimes,Sometimes,Sometimes,Never,lack of holiday
Female,White,53,UK,PhD,4,Arts and humanities,To a large extent,Fairly often,Almost never,Sometimes,Sometimes,Sometimes,Almost never,Sometimes,Sometimes,Sometimes,Almost never,Sometimes,Sometimes,"A lot of exercise outside of the house in which I have my office, cycling, and trying to contact friends from the university and outside of university.
Lots of small breaks in the writing day, and reading novels that have nothing to do with the work.",Yes,Yes,Very often,Almost never,Fairly often,Almost never,Sometimes,Almost never,Very often,Never,Very often,Almost never,Sometimes,Fairly often,The death of a friend. Loss of extracurricular employment. Need to get published but no time to write a paper.
Female,Mixed / Multiple Ethnic Groups,29,UK,PhD,4,Arts and humanities,Somewhat,Sometimes,Sometimes,Almost never,Almost never,Sometimes,Sometimes,Almost never,Sometimes,Never,Never,Almost never,Never,"Setting my own deadlines and time to give myself targets.
Sleeping enough.
Eating well.
Planning in social time.
Taking regular breaks. 
Talking to family, husband and peers. ",Yes,Not sure,Sometimes,Sometimes,Never,Almost never,Never,Almost never,Sometimes,Sometimes,Almost never,Sometimes,Sometimes,Almost never,
Female,White,22,UK,Research master's degree,1,Life sciences,Somewhat,Sometimes,Almost never,Sometimes,Fairly often,Almost never,Almost never,Fairly often,Almost never,Fairly often,Almost never,Almost never,Sometimes,Running and exercise,Yes,Not sure,Sometimes,Fairly often,Almost never,Almost never,Almost never,Sometimes,Sometimes,Never,Never,Sometimes,Fairly often,Sometimes,
Female,White,22,UK,Taught master's degree,1,Physical science,Somewhat,Fairly often,Almost never,Fairly often,Fairly often,Very often,Almost never,Almost never,Very often,Sometimes,Almost never,Almost never,Fairly often,Going for walks outside around parks/ somewhere with water e.g. beach/ lake. ,Yes,Yes,Fairly often,Fairly often,Very often,Sometimes,Very often,Sometimes,Very often,Almost never,Fairly often,Sometimes,Fairly often,Never,Not having enough time to go home and see family 
Female,White,24,UK,PhD,2,Life sciences,To a large extent,Fairly often,Fairly often,Sometimes,Sometimes,Almost never,Fairly often,Sometimes,Almost never,Fairly often,Almost never,Never,Never,"Jogging, talking to friends and family",Yes,Yes,Fairly often,Almost never,Never,Never,Almost never,Never,Fairly often,Never,Sometimes,Fairly often,Fairly often,Never,
Female,White,22,EU,Taught master's degree,3,Arts and humanities,To a large extent,Fairly often,Never,Sometimes,Sometimes,Very often,Sometimes,Very often,Very often,Sometimes,Never,Sometimes,Almost never,"Taking time for myself. I wake up early, so I will go outside for long walks. I also use homeopathic remedies and nutrition to monitor my wellbeing. ",Yes,No,Fairly often,Fairly often,Fairly often,Fairly often,Sometimes,Fairly often,Very often,Sometimes,Fairly often,Very often,Sometimes,Very often,"Relationships, death in the family, pressure to please"
Female,White,26,UK,PhD,3,Arts and humanities,To a large extent,Never,Almost never,Fairly often,Fairly often,Almost never,Almost never,Never,Almost never,Never,Never,Never,Never,"Exercise, seeing friends and family, making time to rest",Yes,Yes,Fairly often,Sometimes,Sometimes,Never,Almost never,Almost never,Sometimes,Never,Almost never,Very often,Fairly often,Sometimes,
Female,White,24,UK,PhD,1,Arts and humanities,To a large extent,Fairly often,Sometimes,Almost never,Fairly often,Sometimes,Almost never,Sometimes,Sometimes,Sometimes,Almost never,Almost never,Almost never,Sport! Running the stress away.,Yes,Yes,Fairly often,Sometimes,Sometimes,Never,Never,Almost never,Sometimes,Never,Sometimes,Fairly often,Fairly often,Almost never,Bursary woes!
Female,Asian / Asian British,39,International,PhD,3,Social sciences,To a large extent,Sometimes,Fairly often,Sometimes,Fairly often,Sometimes,Fairly often,Sometimes,Fairly often,Sometimes,Sometimes,Sometimes,Sometimes,Talk to friends and family ,Not sure,No,Fairly often,Sometimes,Almost never,Almost never,Sometimes,Sometimes,Sometimes,Almost never,Fairly often,Fairly often,Sometimes,Sometimes,Raising children alone
Female,White,25,UK,PhD,2,Engineering and technology,Completely,Very often,Very often,Never,Fairly often,Very often,Sometimes,Fairly often,Fairly often,Fairly often,Sometimes,Sometimes,Sometimes,Avoidance and distraction,Not sure,No,Fairly often,Sometimes,Sometimes,Sometimes,Very often,Almost never,Fairly often,Sometimes,Sometimes,Very often,Very often,Sometimes,Family arguments 
Female,White,29,EU,PhD,3,Life sciences,To a large extent,Very often,Fairly often,Very often,Very often,Very often,Sometimes,Fairly often,Very often,Very often,Sometimes,Very often,Very often,I remind myself that it is only temporary and that it will pass. I know that sleep contributes a massive part to all the rest of the problems and so I try and take care of myself more and sleep more. I do Kung Fu to channel some of the frustration and also to excert myself physically so I can sleep easier.,Not sure,No,Very often,Fairly often,Sometimes,Very often,Sometimes,Sometimes,Very often,Fairly often,Very often,Very often,Fairly often,Very often,Family health problems and being away from them (I come from Greece). Being away from nature and lack of time to go outdoors which was one of the things that made me feel very healthy in the past. I very much feel like I don't belong in academia.
Female,White,22,UK,PhD,1,"Clinical, pre-clinical and health",To a large extent,Sometimes,Sometimes,Sometimes,Fairly often,Almost never,Almost never,Sometimes,Sometimes,Sometimes,Never,Sometimes,Almost never,Walking to the lab instead of driving. Going out with friends. Allocating a day to get as much writing done as possible. ,Not sure,No,Fairly often,Almost never,Sometimes,Almost never,Never,Never,Fairly often,Never,Sometimes,Fairly often,Never,Never,Moving house
Female,White,29,UK,Taught master's degree,1,"Clinical, pre-clinical and health",Somewhat,Sometimes,Fairly often,Almost never,Almost never,Almost never,Almost never,Almost never,Sometimes,Sometimes,Sometimes,Almost never,Almost never,"Breathing, healthy eating, walking/exercise, talking",Yes,Yes,Fairly often,Sometimes,Almost never,Sometimes,Sometimes,Sometimes,Sometimes,Never,Sometimes,Sometimes,Sometimes,Fairly often,Sinus health problems
Female,Mixed / Multiple Ethnic Groups,34,International,PhD,4,Life sciences,To a large extent,Sometimes,Almost never,Never,Sometimes,Fairly often,Almost never,Sometimes,Fairly often,Almost never,Never,Almost never,Sometimes,"Exercising
Sometimes drinking
",Not sure,Not sure,Fairly often,Fairly often,Almost never,Never,Never,Never,Sometimes,Never,Almost never,Sometimes,Sometimes,Almost never,Friend illness
Female,White,24,UK,PhD,3,Engineering and technology,Somewhat,Fairly often,Almost never,Almost never,Sometimes,Sometimes,Fairly often,Sometimes,Sometimes,Almost never,Almost never,Sometimes,Never,Exercise or meditation,Yes,Not sure,Sometimes,Sometimes,Almost never,Fairly often,Almost never,Fairly often,Fairly often,Never,Never,Sometimes,Almost never,Never,
Female,White,33,International,PhD,2,Arts and humanities,To a large extent,Sometimes,Very often,Fairly often,Very often,Fairly often,Almost never,Sometimes,Sometimes,Sometimes,Fairly often,Sometimes,Sometimes,Exercise,Yes,Yes,Sometimes,Sometimes,Almost never,Never,Almost never,Sometimes,Sometimes,Fairly often,Fairly often,Fairly often,Sometimes,Almost never,Romantic relationship 
Female,Mixed / Multiple Ethnic Groups,23,UK,PhD,1,Life sciences,To a large extent,Fairly often,Fairly often,Fairly often,Fairly often,Sometimes,Sometimes,Sometimes,Sometimes,Fairly often,Almost never,Almost never,Sometimes,"Watch a film, sleep, see friends, call family ",Not sure,No,Fairly often,Fairly often,Fairly often,Almost never,Never,Almost never,Very often,Almost never,Sometimes,Sometimes,Sometimes,Never,
Female,White,24,UK,PhD,3,Life sciences,Completely,Very often,Sometimes,Sometimes,Very often,Fairly often,Fairly often,Sometimes,Fairly often,Fairly often,Never,Almost never,Sometimes,I try and go on a run 1-2 times a week and attend a dance class.,No,No,Fairly often,Sometimes,Very often,Sometimes,Fairly often,Never,Sometimes,Never,Sometimes,Very often,Very often,Never,
Female,Mixed / Multiple Ethnic Groups,33,International,PhD,2,Education,To a large extent,Fairly often,Sometimes,Very often,Sometimes,Fairly often,Sometimes,Almost never,Sometimes,Almost never,Almost never,Almost never,Sometimes,"Going out for a long walk, talking with friends, cooking.",Not sure,Not sure,Almost never,Almost never,Never,Sometimes,Sometimes,Sometimes,Sometimes,Almost never,Almost never,Fairly often,Fairly often,Fairly often,Weather conditions
Female,White,27,UK,PhD,3,Physical science,Somewhat,Very often,Sometimes,Almost never,Sometimes,Sometimes,Almost never,Sometimes,Very often,Sometimes,Sometimes,Sometimes,Sometimes,"Try to ignore it, take a walk, procrastinate",Not sure,Not sure,Sometimes,Sometimes,Almost never,Sometimes,Almost never,Sometimes,Sometimes,Never,Sometimes,Fairly often,Fairly often,Almost never,"Deadlines approaching, progress review, setbacks with lab work"
Female,White,24,UK,Taught master's degree,1,Other,To a large extent,Fairly often,Fairly often,Fairly often,Fairly often,Fairly often,Fairly often,Fairly often,Fairly often,Fairly often,Sometimes,Sometimes,Very often,Shutting myself away for a bit or speaking to friends / family,No,Yes,Very often,Fairly often,Very often,Fairly often,Almost never,Sometimes,Fairly often,Never,Very often,Very often,Very often,Sometimes,"Having so much to learn and complete in a short amount of time where it never seems like the expected 9 - 5 working life is enough time to complete the work so it ends up eating into eveings, weekends and sleep"
Female,White,32,UK,PhD,2,Life sciences,Completely,Very often,Sometimes,Sometimes,Fairly often,Fairly often,Fairly often,Sometimes,Sometimes,Fairly often,Sometimes,Fairly often,Sometimes,Yoga and chocolate,Not sure,Not sure,Sometimes,Sometimes,Sometimes,Very often,Almost never,Sometimes,Sometimes,Almost never,Almost never,Fairly often,Fairly often,Never,
Female,White,29,UK,PhD,1,Life sciences,To a large extent,Very often,Very often,Almost never,Very often,Sometimes,Sometimes,Sometimes,Very often,Very often,Sometimes,Sometimes,Almost never,Video games,Not sure,Not sure,Sometimes,Sometimes,Fairly often,Never,Almost never,Almost never,Fairly often,Never,Very often,Very often,Very often,Fairly often,Feeling like I haven't got enough data
Female,Other,30,International,PhD,3,Education,Somewhat,Sometimes,Almost never,Fairly often,Fairly often,Sometimes,Almost never,Sometimes,Sometimes,Sometimes,Sometimes,Fairly often,Almost never,"I do exercise at least three times a week, talk to my partner, take care of plants and do some knitting.",Yes,Not sure,Fairly often,Sometimes,Almost never,Almost never,Sometimes,Almost never,Fairly often,Almost never,Almost never,Fairly often,Sometimes,Almost never,"Pressure to complete PhD thesis on time, with good quality PLUS the expectation to do publications alongside."
Female,White,29,EU,Taught master's degree,1,Law,Completely,Very often,Very often,Sometimes,Very often,Very often,Fairly often,Very often,Very often,Very often,Fairly often,Fairly often,Fairly often,"Taking walks, antidepressants ",Yes,Not sure,Very often,Sometimes,Very often,Never,Sometimes,Sometimes,Fairly often,Very often,Sometimes,Very often,Very often,Fairly often,
Female,Other,48,International,PhD,4,Psychology,To a large extent,Fairly often,Very often,Sometimes,Fairly often,Sometimes,Sometimes,Sometimes,Very often,Sometimes,Sometimes,Very often,Sometimes,"Do yoga during term time, jog when I can and I don't feel very tired.
I go out for a meal or a drink at a pub
Hang out with friends",Not sure,Not sure,Very often,Very often,Sometimes,Sometimes,Almost never,Very often,Very often,Never,Sometimes,Very often,Sometimes,Sometimes,I am behind with my work and I needed to request an extension which was granted with a high pressure on getting the work finish by then. My work is being critically scrutinised and that slows the pace of my work as I need to rethink many aspects of my research with the imminent deadline ahead.
Female,White,26,UK,PhD,1,Social sciences,Completely,Fairly often,Fairly often,Very often,Very often,Sometimes,Sometimes,Fairly often,Very often,Fairly often,Almost never,Almost never,Almost never,"Walking and nature, mindfulness, reading",No,No,Very often,Almost never,Sometimes,Almost never,Sometimes,Sometimes,Sometimes,Almost never,Almost never,Very often,Very often,Fairly often,Deadlines and lack of understanding of progress
Female,White,22,UK,Taught master's degree,1,Other,Completely,Fairly often,Sometimes,Very often,Very often,Very often,Fairly often,Fairly often,Fairly often,Very often,Sometimes,Fairly often,Fairly often,"Meditiation, yoga, lavender products at night, sleep tablets",No,No,Very often,Sometimes,Fairly often,Fairly often,Almost never,Fairly often,Very often,Almost never,Almost never,Fairly often,Fairly often,Never,
Female,White,26,UK,Taught master's degree,2,Social sciences,To a large extent,Sometimes,Fairly often,Fairly often,Fairly often,Almost never,Almost never,Sometimes,Sometimes,Sometimes,Almost never,Almost never,Almost never,"Taking time to do things I enjoy; reading, going out for a walk or watching TV. Rationalising my worries. Talking to friends.
Mindfulness.",Yes,Not sure,Fairly often,Sometimes,Almost never,Almost never,Sometimes,Almost never,Sometimes,Almost never,Fairly often,Very often,Very often,Fairly often,"Work commitments, family circumstances, financial problems"
Female,White,31,UK,PhD,4,Life sciences,To a large extent,Fairly often,Sometimes,Almost never,Sometimes,Fairly often,Almost never,Fairly often,Fairly often,Sometimes,Never,Never,Sometimes,"chocolate and green tea each day
going out for a walk
breathing",Not sure,Yes,Fairly often,Very often,Very often,Never,Almost never,Never,Very often,Almost never,Almost never,Very often,Sometimes,Never,writing my thesis and looking for jobs
Female,White,24,UK,PhD,2,Life sciences,Completely,Fairly often,Sometimes,Very often,Fairly often,Fairly often,Almost never,Fairly often,Fairly often,Sometimes,Almost never,Almost never,Sometimes,"Try and have one to two hours of relaxation time a day. 
When very stressed, practise mindfulness. 
Organisation and scheduling. ",Not sure,Yes,Fairly often,Fairly often,Very often,Sometimes,Fairly often,Sometimes,Fairly often,Almost never,Sometimes,Fairly often,Sometimes,Never,
Female,Mixed / Multiple Ethnic Groups,25,UK,Taught master's degree,1,Arts and humanities,To a small extent,Sometimes,Fairly often,Almost never,Almost never,Never,Never,Almost never,Sometimes,Sometimes,Never,Never,Almost never,"Many things: 
-remind myself I can do this and I don't need to be worried
-get on with doing the work so that the stress feels lifted
-remind myself of the bigger picture and how lucky I am
-do things I enjoy in the evenings",Yes,Not sure,Sometimes,Never,Never,Never,Sometimes,Never,Sometimes,Never,Very often,Fairly often,Very often,Never,Familial relationships
Female,Mixed / Multiple Ethnic Groups,24,International,PhD,1,Physical science,To a large extent,Very often,Sometimes,Sometimes,Fairly often,Almost never,Almost never,Almost never,Fairly often,Sometimes,Almost never,Almost never,Never,"Talking to friends and family, getting good sleep, going for walks, reading",Not sure,Not sure,Very often,Fairly often,Sometimes,Sometimes,Almost never,Sometimes,Very often,Never,Sometimes,Fairly often,Almost never,Almost never,Recently diagnosed illness
Female,White,22,UK,Taught master's degree,1,Life sciences,Somewhat,Sometimes,Almost never,Fairly often,Fairly often,Almost never,Never,Fairly often,Almost never,Sometimes,Almost never,Sometimes,Sometimes,"Distracting myself by doing something that makes me laugh, or breaking a stressful task down into managable chunks to work through.",Yes,Yes,Sometimes,Almost never,Sometimes,Never,Never,Sometimes,Almost never,Almost never,Almost never,Fairly often,Almost never,Almost never,
Female,White,23,UK,Research master's degree,1,Life sciences,To a large extent,Fairly often,Almost never,Sometimes,Fairly often,Almost never,Never,Sometimes,Almost never,Sometimes,Sometimes,Fairly often,Sometimes,"I push myself to do yoga and running to alleviate stress as well as spending time with my friends. All do help, though stress makes me feel as though I have no time for anything so it becomes increasingly hard the more stressed I become. ",Yes,Yes,Fairly often,Sometimes,Never,Never,Sometimes,Never,Very often,Very often,Very often,Fairly often,Very often,Very often,Moving flat due to a break up
Female,White,27,EU,PhD,4,Life sciences,To a large extent,Fairly often,Almost never,Never,Fairly often,Sometimes,Sometimes,Sometimes,Fairly often,Fairly often,Almost never,Almost never,Sometimes,"Yoga, cigarettes, baths",Not sure,Yes,Very often,Very often,Almost never,Never,Never,Never,Sometimes,Never,Never,Fairly often,Very often,Never,Writing my thesis
Female,White,26,EU,PhD,2,Psychology,To a large extent,Fairly often,Fairly often,Fairly often,Fairly often,Fairly often,Almost never,Fairly often,Fairly often,Fairly often,Fairly often,Never,Sometimes,"Physical activity (gym, yoga, running)",Yes,No,Fairly often,Fairly often,Never,Never,Never,Never,Fairly often,Never,Never,Almost never,Fairly often,Fairly often,
Female,White,32,UK,PhD,2,Life sciences,To a large extent,Fairly often,Almost never,Never,Sometimes,Very often,Sometimes,Sometimes,Fairly often,Almost never,Never,Never,Almost never,A walk in the park. Beer.,No,No,Fairly often,Almost never,Almost never,Very often,Fairly often,Sometimes,Fairly often,Almost never,Never,Fairly often,Almost never,Never,
Female,Asian / Asian British,25,UK,PhD,2,Life sciences,To a large extent,Very often,Fairly often,Fairly often,Very often,Very often,Sometimes,Fairly often,Fairly often,Sometimes,Sometimes,Fairly often,Sometimes,"Gym training
Walks
Cooking
Going out (every so often)
",Not sure,Not sure,Very often,Fairly often,Sometimes,Almost never,Almost never,Sometimes,Fairly often,Sometimes,Sometimes,Fairly often,Sometimes,Almost never,Time of the month makes me more stressed
Female,White,26,UK,Research master's degree,1,"Clinical, pre-clinical and health",Somewhat,Sometimes,Sometimes,Almost never,Sometimes,Never,Sometimes,Almost never,Sometimes,Almost never,Sometimes,Sometimes,Never,Taking a step back and trying to think rationally. Planning! Meditation if it starts to get too much. ,Yes,Yes,Sometimes,Sometimes,Almost never,Almost never,Almost never,Sometimes,Fairly often,Never,Sometimes,Sometimes,Sometimes,Sometimes,Sometimes stressful part-time job. 
Female,White,27,UK,Taught master's degree,1,Psychology,Somewhat,Fairly often,Sometimes,Sometimes,Fairly often,Sometimes,Sometimes,Sometimes,Sometimes,Sometimes,Almost never,Almost never,Sometimes,"I try to be aware of how I am feeling and see / talk to friends and family, I also try to do mindfulness but sometimes struggle to find the time. I go to the gym regularly, but over the last few weeks I have been struggling to find the energy. ",Not sure,Yes,Sometimes,Almost never,Almost never,Almost never,Almost never,Almost never,Sometimes,Sometimes,Fairly often,Sometimes,Sometimes,Fairly often,"I have had a lot going on recently with regards to trying to juggle university workload, employment and personal / family difficulties. "
Female,Other,31,International,PhD,1,Social sciences,To a large extent,Fairly often,Sometimes,Sometimes,Fairly often,Sometimes,Sometimes,Almost never,Sometimes,Sometimes,Almost never,Fairly often,Sometimes,Sleep well. Beer. ,Yes,Not sure,Fairly often,Fairly often,Fairly often,Sometimes,Almost never,Sometimes,Sometimes,Almost never,Fairly often,Very often,Very often,Almost never,Wanting to have a social life meanwhile doing a PhD 
Female,White,28,International,PhD,1,Other,To a large extent,Fairly often,Sometimes,Sometimes,Fairly often,Very often,Sometimes,Sometimes,Very often,Almost never,Almost never,Almost never,Almost never,Burying my head in the sand and reading a book,Not sure,Not sure,Very often,Fairly often,Almost never,Sometimes,Never,Almost never,Almost never,Almost never,Almost never,Fairly often,Almost never,Almost never,"Just moved to a new city, trying to make new friends, etc. + bad landlord"
Female,Other,36,International,PhD,1,Social sciences,Completely,Fairly often,Sometimes,Fairly often,Very often,Fairly often,Sometimes,Fairly often,Sometimes,Fairly often,Almost never,Almost never,Sometimes,Wine and swimming,Not sure,Not sure,Sometimes,Very often,Fairly often,Almost never,Sometimes,Sometimes,Fairly often,Fairly often,Almost never,Fairly often,Never,Never,English as a second language
Female,White,43,UK,PhD,4,Arts and humanities,To a large extent,Fairly often,Sometimes,Almost never,Sometimes,Fairly often,Never,Sometimes,Fairly often,Sometimes,Almost never,Almost never,Sometimes,"Talking to friends, cooking, watching Films, Vaping",Yes,Not sure,Fairly often,Almost never,Almost never,Never,Almost never,Almost never,Sometimes,Never,Very often,Sometimes,Sometimes,Fairly often,
Female,White,29,UK,PhD,2,Arts and humanities,To a large extent,Fairly often,Almost never,Almost never,Fairly often,Almost never,Never,Sometimes,Very often,Almost never,Almost never,Never,Never,Running and comfort eating. ,Not sure,Not sure,Very often,Almost never,Sometimes,Almost never,Very often,Sometimes,Sometimes,Sometimes,Very often,Very often,Sometimes,Very often,
Female,White,24,UK,PhD,3,Life sciences,To a large extent,Fairly often,Fairly often,Almost never,Fairly often,Fairly often,Almost never,Almost never,Sometimes,Sometimes,Almost never,Almost never,Sometimes,Exercise and quiet time in the sun or with a good book,Not sure,Yes,Fairly often,Fairly often,Almost never,Never,Never,Almost never,Fairly often,Almost never,Never,Sometimes,Fairly often,Never,Family (grandparents) and a personal injury
Female,White,24,UK,Research master's degree,1,Arts and humanities,To a large extent,Fairly often,Almost never,Fairly often,Very often,Very often,Almost never,Fairly often,Fairly often,Fairly often,Fairly often,Sometimes,Fairly often,"Spending time with family and friends.
Going outside the house for walks.
Massage.",Not sure,Not sure,Fairly often,Almost never,Sometimes,Almost never,Almost never,Almost never,Fairly often,Fairly often,Very often,Fairly often,Fairly often,Fairly often,Mental health. Sickness. Friendships.
Female,White,22,UK,Taught master's degree,1,Arts and humanities,To a large extent,Sometimes,Sometimes,Sometimes,Fairly often,Almost never,Almost never,Fairly often,Fairly often,Fairly often,Almost never,Almost never,Almost never,"I get the most done when stressed but I then burn out. My stress comes in stages, at first I cope by ignoring, then I break down, then I get stuff done and my life is consumed by the stressful thing. So no coping mechanisms really. ",No,No,Very often,Almost never,Almost never,Almost never,Sometimes,Almost never,Fairly often,Almost never,Fairly often,Fairly often,Fairly often,Almost never,"work load, lack of uni guidance and support, money, future"
Female,White,31,EU,PhD,3,Arts and humanities,Somewhat,Sometimes,Sometimes,Sometimes,Sometimes,Sometimes,Almost never,Sometimes,Sometimes,Sometimes,Sometimes,Sometimes,Sometimes,"Running, Hanging out with Friends, sleep, reading, long walks/hikes, dancing",Yes,No,Fairly often,Fairly often,Sometimes,Almost never,Almost never,Fairly often,Fairly often,Almost never,Very often,Fairly often,Fairly often,Fairly often,
Female,White,58,UK,PhD,Other,Arts and humanities,To a small extent,Almost never,Fairly often,Never,Sometimes,Fairly often,Never,Almost never,Sometimes,Almost never,Almost never,Almost never,Almost never,"To run
To drink more coffee",Not sure,Not sure,Sometimes,Never,Almost never,Sometimes,Almost never,Almost never,Sometimes,Never,Sometimes,Fairly often,Fairly often,Sometimes,Being at a distance from the university; absence of team of fellow researchers; lack of confidence in ability to complete
Female,White,22,UK,PhD,1,Physical science,Completely,Fairly often,Never,Never,Very often,Sometimes,Never,Fairly often,Very often,Very often,Never,Sometimes,Never,"Speaking to friends and family, doing exercise and spending as much time outdoors as possible",Yes,Yes,Sometimes,Fairly often,Fairly often,Very often,Sometimes,Very often,Very often,Never,Never,Very often,Fairly often,Never,"Struggling to balance studies and life, maintaining good organisation skills, letting friends down"
Female,White,24,UK,Taught master's degree,1,Social sciences,Completely,Very often,Almost never,Very often,Very often,Very often,Almost never,Very often,Very often,Very often,Very often,Fairly often,Very often,"I take part in Therapy, and I also like exercising at the gym and taking hot baths ",Yes,No,Very often,Almost never,Very often,Never,Almost never,Almost never,Very often,Fairly often,Fairly often,Very often,Very often,Very often,A bad breakup
Female,White,24,UK,Taught master's degree,4,Other,Completely,Fairly often,Very often,Fairly often,Fairly often,Sometimes,Sometimes,Fairly often,Almost never,Sometimes,Sometimes,Fairly often,Fairly often,I try to take time out to do some yoga and I drink peppermint and green tea to help me relax for a bit but I don't really have the time to not be stressed which is unfortunate. ,Not sure,Yes,Fairly often,Fairly often,Almost never,Almost never,Almost never,Almost never,Very often,Sometimes,Sometimes,Sometimes,Sometimes,Almost never,Working part-time then going into full-time work alongside my studies 
Female,White,29,UK,PhD,1,Life sciences,To a large extent,Fairly often,Sometimes,Fairly often,Very often,Fairly often,Fairly often,Fairly often,Very often,Fairly often,Fairly often,Sometimes,Very often,"Going outside, talking to people, deep breaths, occasional run",No,Not sure,Very often,Fairly often,Fairly often,Sometimes,Almost never,Almost never,Fairly often,Fairly often,Almost never,Very often,Fairly often,Never,Breakdown of long-term relationship
Female,White,25,UK,PhD,2,Life sciences,To a large extent,Sometimes,Sometimes,Very often,Sometimes,Almost never,Almost never,Almost never,Sometimes,Almost never,Sometimes,Fairly often,Never,"Working regular hours - i.e. not overworking
Exercise
Creative hobbies
Spending time with friends and partner",Yes,Yes,Very often,Very often,Almost never,Never,Never,Almost never,Very often,Never,Never,Sometimes,Almost never,Never,"Running extra projects, looking after students"
Female,Mixed / Multiple Ethnic Groups,23,UK,Taught master's degree,1,Arts and humanities,Completely,Fairly often,Sometimes,Sometimes,Very often,Sometimes,Fairly often,Very often,Very often,Very often,Sometimes,Sometimes,Fairly often,Non-existent,No,Not sure,Very often,Sometimes,Fairly often,Sometimes,Sometimes,Sometimes,Fairly often,Almost never,Very often,Very often,Very often,Very often,
Female,White,24,EU,PhD,1,Arts and humanities,Somewhat,Sometimes,Sometimes,Sometimes,Sometimes,Sometimes,Almost never,Sometimes,Sometimes,Sometimes,Never,Never,Sometimes,"Sport, books, dinner out with friends and boyfriend, healthy and comfort food and drink and spending time in the countryside",Yes,Yes,Sometimes,Almost never,Sometimes,Never,Almost never,Never,Never,Never,Almost never,Sometimes,Never,Never,Being away from home and loneliness 
Female,White,26,UK,PhD,1,Life sciences,To a large extent,Fairly often,Very often,Fairly often,Sometimes,Sometimes,Sometimes,Fairly often,Fairly often,Sometimes,Almost never,Sometimes,Almost never,Exercise and occasionally alcohol,Yes,Not sure,Sometimes,Sometimes,Fairly often,Fairly often,Sometimes,Sometimes,Fairly often,Never,Almost never,Very often,Very often,Almost never,Wedding and parental health
Female,White,28,UK,PhD,2,"Clinical, pre-clinical and health",To a large extent,Very often,Fairly often,Very often,Fairly often,Sometimes,Never,Fairly often,Very often,Very often,Never,Never,Very often,Exercise & socialising with friends ,No,Yes,Very often,Sometimes,Fairly often,Never,Never,Never,Never,Never,Never,Almost never,Fairly often,Almost never,A relationship ending
Female,Asian / Asian British,26,EU,PhD,4,Life sciences,To a large extent,Very often,Fairly often,Very often,Fairly often,Sometimes,Sometimes,Fairly often,Very often,Very often,Sometimes,Fairly often,Fairly often,I like to bake or read a book when I feel stressed.,Yes,Not sure,Fairly often,Fairly often,Fairly often,Fairly often,Fairly often,Very often,Fairly often,Sometimes,Sometimes,Very often,Very often,Almost never,"Illness of family member, another family member moving away to a new country"
Female,Asian / Asian British,31,International,PhD,2,Computer science,To a large extent,Sometimes,Sometimes,Sometimes,Fairly often,Almost never,Never,Never,Sometimes,Fairly often,Never,Never,Fairly often,"I usually walk for a long distance, getting shower and get a hot drink afterwards.",Not sure,Not sure,Sometimes,Fairly often,Never,Never,Almost never,Never,Very often,Almost never,Never,Never,Almost never,Never,Being away from family and friends
Female,White,25,UK,PhD,1,Physical science,To a large extent,Fairly often,Fairly often,Sometimes,Fairly often,Sometimes,Almost never,Sometimes,Fairly often,Sometimes,Almost never,Never,Never,"Yoga
Walks
Time away from work",Yes,Not sure,Sometimes,Almost never,Never,Sometimes,Never,Sometimes,Almost never,Sometimes,Almost never,Fairly often,Sometimes,Never,
Female,White,24,UK,PhD,1,Life sciences,To a large extent,Fairly often,Fairly often,Very often,Fairly often,Very often,Fairly often,Very often,Sometimes,Fairly often,Sometimes,Almost never,Fairly often,"Meditation
Time management ",Not sure,Yes,Sometimes,Fairly often,Very often,Almost never,Sometimes,Sometimes,Very often,Very often,Sometimes,Sometimes,Almost never,Almost never,"Workload, family stress, workplace stress"
Female,White,27,UK,PhD,2,Life sciences,To a large extent,Fairly often,Sometimes,Fairly often,Fairly often,Fairly often,Fairly often,Fairly often,Fairly often,Fairly often,Sometimes,Sometimes,Sometimes,exercising and also Negative behaviours such as drinking and overeating ,Not sure,No,Sometimes,Sometimes,Fairly often,Sometimes,Fairly often,Almost never,Sometimes,Almost never,Sometimes,Fairly often,Fairly often,Never,Organising a wedding
Female,White,22,UK,Taught master's degree,1,Other,Somewhat,Sometimes,Almost never,Never,Fairly often,Sometimes,Never,Sometimes,Sometimes,Sometimes,Almost never,Never,Never,"I just make sure to take time off work and watch a film or a television show to take my mind off whatever is bothering me. I also somethings go out with friends (to the beach, cinema, out for a meal) to take my mind off it.",Yes,Yes,Fairly often,Almost never,Never,Never,Never,Almost never,Sometimes,Never,Never,Fairly often,Sometimes,Never,"The balance between different work for the University because I have two things due on the same day, plus a 15 days required collaboration that doesn't go towards the MA project."
Female,White,24,UK,PhD,1,Arts and humanities,To a large extent,Fairly often,Fairly often,Very often,Fairly often,Sometimes,Almost never,Fairly often,Sometimes,Fairly often,Fairly often,Fairly often,Never,"Breathing exercises, and planning to do lists.",Not sure,Not sure,Sometimes,Never,Very often,Never,Almost never,Sometimes,Fairly often,Almost never,Fairly often,Very often,Sometimes,Very often,I am getting married in 6 months and recently went self employed to fund Phd.
Female,White,27,UK,PhD,3,Other,Completely,Fairly often,Sometimes,Almost never,Fairly often,Sometimes,Almost never,Fairly often,Very often,Very often,Never,Never,Fairly often,"Exercise, reading",No,No,Sometimes,Never,Almost never,Never,Almost never,Never,Fairly often,Almost never,Sometimes,Very often,Almost never,Sometimes,
Female,White,29,UK,PhD,1,Life sciences,To a large extent,Sometimes,Fairly often,Sometimes,Sometimes,Sometimes,Never,Sometimes,Sometimes,Sometimes,Almost never,Almost never,Sometimes,"Find ways to relax either by reading, watching films, socialising with friends, or hiking.",Yes,Yes,Sometimes,Sometimes,Almost never,Almost never,Almost never,Almost never,Fairly often,Sometimes,Sometimes,Sometimes,Never,Never,Housing and finance.
Female,Black / African / Caribbean / Black British,26,UK,PhD,1,Life sciences,Completely,Very often,Fairly often,Fairly often,Very often,Sometimes,Fairly often,Almost never,Very often,Very often,Sometimes,Very often,Sometimes,Sleep,No,No,Fairly often,Fairly often,Never,Never,Almost never,Never,Very often,Never,Sometimes,Very often,Very often,Very often,Upper back pain/aches
Female,White,39,EU,PhD,3,Life sciences,Somewhat,Fairly often,Sometimes,Sometimes,Fairly often,Almost never,Sometimes,Sometimes,Fairly often,Fairly often,Almost never,Sometimes,Very often,"do sport, speak to family members, hang out with friends, keep busy",Not sure,Yes,Fairly often,Fairly often,Never,Never,Sometimes,Almost never,Sometimes,Sometimes,Never,Sometimes,Sometimes,Almost never,being far away from my home country/family and being single
Female,White,22,UK,PhD,3,Engineering and technology,To a large extent,Fairly often,Fairly often,Sometimes,Sometimes,Sometimes,Almost never,Sometimes,Sometimes,Fairly often,Almost never,Sometimes,Fairly often,Take myself away from the situation where possible and talk to people around me ,Not sure,Not sure,Sometimes,Almost never,Sometimes,Almost never,Sometimes,Sometimes,Sometimes,Never,Fairly often,Very often,Fairly often,Almost never,"Being on a placement, away from my friends and family"
Female,Asian / Asian British,29,UK,PhD,4,"Clinical, pre-clinical and health",Completely,Very often,Sometimes,Sometimes,Very often,Sometimes,Almost never,Sometimes,Very often,Very often,Sometimes,Very often,Sometimes,"In all seriousness, drinking tea (!) with supportive friends
Going out for food
Cooking
Yoga, pilates and mindfulness
Sleep
Therapeutic massage for aches and pains
",Not sure,No,Very often,Fairly often,Sometimes,Sometimes,Fairly often,Sometimes,Very often,Sometimes,Sometimes,Very often,Very often,Very often,Physical health
Female,White,34,UK,PhD,3,Psychology,Completely,Fairly often,Almost never,Sometimes,Very often,Fairly often,Almost never,Sometimes,Fairly often,Fairly often,Never,Almost never,Very often,"Exercise, social activity, relaxation ",Yes,Yes,Very often,Very often,Sometimes,Never,Almost never,Never,Fairly often,Very often,Never,Sometimes,Never,Sometimes,Relationship break up and house move
Female,White,24,UK,PhD,3,Other,Somewhat,Sometimes,Almost never,Almost never,Sometimes,Fairly often,Almost never,Very often,Fairly often,Sometimes,Almost never,Almost never,Almost never,cat,Yes,Not sure,Sometimes,Sometimes,Sometimes,Sometimes,Sometimes,Sometimes,Sometimes,Sometimes,Very often,Fairly often,Fairly often,Never,
Female,White,24,UK,Research master's degree,1,Other,Completely,Very often,Fairly often,Almost never,Very often,Fairly often,Fairly often,Fairly often,Very often,Very often,Almost never,Very often,Very often,Breathing ,No,Yes,Very often,Very often,Very often,Almost never,Never,Never,Very often,Never,Fairly often,Very often,Fairly often,Never,break-up of long term relationship 
Female,White,29,UK,PhD,2,Other,To a large extent,Sometimes,Almost never,Never,Fairly often,Fairly often,Sometimes,Fairly often,Fairly often,Fairly often,Never,Almost never,Fairly often,Exercise,Not sure,Yes,Almost never,Almost never,Almost never,Never,Almost never,Never,Never,Almost never,Never,Very often,Very often,Never,Relationship break up
Female,White,24,International,PhD,3,Psychology,Completely,Fairly often,Sometimes,Sometimes,Very often,Sometimes,Sometimes,Almost never,Sometimes,Almost never,Never,Fairly often,Never,"I typically take time to myself to do something I enjoy, so I'll go on a short walk or to the gym or go home and have a glass of wine while watching something mindless on TV. If it's stress at work I also can get hyper-productive and try and tick off as many things as possible in one go. ",Not sure,No,Fairly often,Almost never,Never,Fairly often,Never,Very often,Very often,Almost never,Sometimes,Very often,Fairly often,Sometimes,Long distance relationships and friends with terminal illness who live too far away for me to visit. 
Female,White,39,UK,PhD,2,Life sciences,Somewhat,Fairly often,Fairly often,Fairly often,Sometimes,Almost never,Sometimes,Sometimes,Sometimes,Almost never,Almost never,Sometimes,Almost never,Spending time with family,Not sure,Yes,Fairly often,Sometimes,Sometimes,Almost never,Almost never,Sometimes,Fairly often,Sometimes,Fairly often,Sometimes,Sometimes,Almost never,
Female,White,25,UK,PhD,2,Life sciences,To a large extent,Fairly often,Fairly often,Sometimes,Sometimes,Sometimes,Fairly often,Very often,Very often,Fairly often,Sometimes,Almost never,Sometimes,"Running, climbing, surfing, being outside, alcohol, talking to friends and family. ",Yes,No,Very often,Very often,Sometimes,Very often,Fairly often,Very often,Fairly often,Almost never,Very often,Fairly often,Fairly often,Sometimes,"Moving house, relationship problems, family illness, general life up and downs"
Female,White,26,UK,PhD,4,Life sciences,To a large extent,Fairly often,Sometimes,Fairly often,Very often,Very often,Fairly often,Sometimes,Fairly often,Almost never,Sometimes,Almost never,Never,Try to leave the building for a bit. Go and have a coffee. ,Not sure,Not sure,Very often,Very often,Sometimes,Sometimes,Almost never,Almost never,Very often,Never,Sometimes,Fairly often,Fairly often,Fairly often,Family illness
Female,White,25,UK,PhD,1,Social sciences,To a large extent,Sometimes,Sometimes,Almost never,Fairly often,Fairly often,Never,Sometimes,Fairly often,Sometimes,Almost never,Almost never,Almost never,"Attend yoga classes, get a massage, talk to family ",Yes,Not sure,Sometimes,Almost never,Almost never,Sometimes,Almost never,Almost never,Sometimes,Sometimes,Sometimes,Almost never,Sometimes,Sometimes,"End of job contract, moving home "
Female,White,25,UK,PhD,2,Physical science,Somewhat,Fairly often,Fairly often,Fairly often,Fairly often,Sometimes,Almost never,Almost never,Fairly often,Sometimes,Almost never,Sometimes,Almost never,Take a break - often a walk outside; write a list of what has to be done in order to plan how to move forward.,Yes,Yes,Fairly often,Sometimes,Sometimes,Sometimes,Almost never,Almost never,Sometimes,Never,Sometimes,Fairly often,Fairly often,Almost never,
Female,White,23,UK,Taught master's degree,1,Psychology,To a large extent,Sometimes,Almost never,Never,Sometimes,Sometimes,Almost never,Almost never,Very often,Sometimes,Almost never,Almost never,Almost never,Surrounding myself with friends and not allowing myself to be alone.,Yes,Not sure,Fairly often,Sometimes,Sometimes,Sometimes,Never,Never,Sometimes,Almost never,Very often,Sometimes,Fairly often,Sometimes,
Female,White,22,UK,Research master's degree,1,Life sciences,Somewhat,Sometimes,Never,Sometimes,Fairly often,Almost never,Sometimes,Almost never,Almost never,Sometimes,Sometimes,Sometimes,Sometimes,"Sleep, healthy eating, gym ",Yes,Yes,Sometimes,Fairly often,Sometimes,Never,Never,Never,Sometimes,Never,Never,Almost never,Almost never,Fairly often,NA
Female,White,25,EU,PhD,3,Arts and humanities,Completely,Fairly often,Sometimes,Sometimes,Very often,Fairly often,Sometimes,Fairly often,Fairly often,Very often,Almost never,Never,Fairly often,Not to think about it,Not sure,Not sure,Very often,Fairly often,Sometimes,Sometimes,Never,Fairly often,Sometimes,Almost never,Sometimes,Very often,Very often,Fairly often,
Female,White,26,UK,PhD,3,Other,To a large extent,Fairly often,Sometimes,Sometimes,Sometimes,Almost never,Sometimes,Fairly often,Very often,Sometimes,Almost never,Sometimes,Almost never,Have a break. Do some exercise. Rest,Yes,Yes,Almost never,Never,Never,Never,Fairly often,Never,Almost never,Almost never,Almost never,Sometimes,Almost never,Never,
Female,White,31,UK,PhD,4,Arts and humanities,To a large extent,Fairly often,Fairly often,Sometimes,Very often,Almost never,Sometimes,Fairly often,Fairly often,Fairly often,Sometimes,Fairly often,Sometimes,"Yoga, running, badminton, tennis, cooking, wine, socialising and relaxation. Seeking reassurance from others that I have done enough and can stop and that everything is going to be ok. ",Not sure,Not sure,Fairly often,Sometimes,Fairly often,Almost never,Sometimes,Sometimes,Fairly often,Sometimes,Almost never,Fairly often,Fairly often,Fairly often,
Female,White,26,UK,PhD,3,Life sciences,To a large extent,Sometimes,Almost never,Almost never,Fairly often,Sometimes,Almost never,Fairly often,Fairly often,Fairly often,Almost never,Almost never,Sometimes,"Regular exercise, chocolate, talking to friends and family, eating treat meals.",No,Yes,Very often,Fairly often,Sometimes,Never,Almost never,Almost never,Fairly often,Fairly often,Sometimes,Fairly often,Fairly often,Never,"Issues of family members, relationship issues"
Female,White,36,UK,PhD,4,Life sciences,Somewhat,Fairly often,Almost never,Almost never,Sometimes,Sometimes,Never,Sometimes,Fairly often,Sometimes,Never,Never,Never,Exercise and other hobbies not related to my work. Talking it out with friends who are also in the later stages of their PhDs.,Yes,Not sure,Sometimes,Fairly often,Almost never,Almost never,Never,Almost never,Sometimes,Never,Almost never,Fairly often,Almost never,Never,
Female,White,25,EU,PhD,1,Life sciences,To a large extent,Fairly often,Almost never,Very often,Fairly often,Fairly often,Almost never,Fairly often,Very often,Fairly often,Almost never,Almost never,Very often,"Walking
Listening to music",Not sure,Not sure,Fairly often,Very often,Fairly often,Fairly often,Fairly often,Almost never,Sometimes,Sometimes,Almost never,Very often,Fairly often,Almost never,
Female,Black / African / Caribbean / Black British,27,UK,PhD,3,Psychology,To a large extent,Fairly often,Almost never,Sometimes,Very often,Fairly often,Almost never,Sometimes,Fairly often,Sometimes,Almost never,Almost never,Sometimes,Private therapy and talking to family and friends. Making a plan of the work I want to do along with deadlines for completing it. ,Not sure,Not sure,Fairly often,Sometimes,Fairly often,Sometimes,Sometimes,Very often,Sometimes,Never,Sometimes,Fairly often,Fairly often,Almost never,Time management and general lack of positive feedback during the PhD process
Female,White,23,UK,PhD,1,Life sciences,Somewhat,Sometimes,Sometimes,Almost never,Sometimes,Almost never,Never,Sometimes,Sometimes,Sometimes,Sometimes,Never,Never,breathing and mindfullness,No,Yes,Fairly often,Sometimes,Never,Sometimes,Never,Never,Sometimes,Never,Sometimes,Fairly often,Fairly often,Never,
Female,White,21,UK,Other,4,Life sciences,To a large extent,Very often,Sometimes,Very often,Fairly often,Sometimes,Sometimes,Sometimes,Fairly often,Sometimes,Sometimes,Almost never,Almost never,Meditation,Yes,No,Fairly often,Sometimes,Sometimes,Sometimes,Sometimes,Sometimes,Fairly often,Sometimes,Sometimes,Very often,Fairly often,Fairly often,Health 
Female,White,22,UK,Taught master's degree,1,Psychology,To a large extent,Fairly often,Almost never,Fairly often,Very often,Almost never,Sometimes,Fairly often,Fairly often,Sometimes,Almost never,Very often,Never,"Talk to a friend or family member.
Breathing exercises.
Make a list of what is causing stress and tackle it. ",Not sure,Not sure,Fairly often,Never,Sometimes,Fairly often,Never,Never,Sometimes,Almost never,Very often,Fairly often,Almost never,Very often,Finding a job after graduating 
Female,White,29,UK,PhD,4,Arts and humanities,Somewhat,Fairly often,Sometimes,Almost never,Sometimes,Almost never,Almost never,Sometimes,Fairly often,Sometimes,Almost never,Sometimes,Almost never,"Going for walks 
Having an early night 
Chatting with friends 
Going to the pub ",Yes,Not sure,Fairly often,Almost never,Sometimes,Never,Sometimes,Fairly often,Sometimes,Sometimes,Sometimes,Very often,Sometimes,Very often,Long weekly commute 
Female,White,26,EU,PhD,1,Life sciences,To a large extent,Sometimes,Fairly often,Sometimes,Sometimes,Almost never,Sometimes,Fairly often,Fairly often,Very often,Almost never,Almost never,Fairly often,"Yoga, meditating, swimming",Yes,Yes,Very often,Very often,Never,Almost never,Sometimes,Almost never,Fairly often,Sometimes,Sometimes,Very often,Very often,Almost never,Examinations
Female,White,29,EU,PhD,1,Other,Completely,Fairly often,Never,Fairly often,Very often,Very often,Fairly often,Fairly often,Sometimes,Very often,Almost never,Almost never,Very often,"Workout
Company with friends
Try to be more organized to reduce stress
Better dietary
Sessions with psychologist
Talk and relieve my problems to people from my environment",Yes,Not sure,Fairly often,Sometimes,Sometimes,Never,Almost never,Almost never,Sometimes,Almost never,Fairly often,Fairly often,Fairly often,Sometimes,The PhD as a process as everything is new and you have to be familiar with completely unknown topica
Female,Mixed / Multiple Ethnic Groups,29,International,PhD,3,Life sciences,Completely,Very often,Fairly often,Very often,Very often,Very often,Very often,Sometimes,Sometimes,Very often,Sometimes,Fairly often,Very often,I do Therapy once a week and yoga 3-4 days a week,Not sure,No,Very often,Very often,Very often,Very often,Very often,Sometimes,Fairly often,Never,Sometimes,Very often,Very often,Never,Relationship breakup
Female,White,22,UK,Taught master's degree,1,"Clinical, pre-clinical and health",Somewhat,Fairly often,Sometimes,Almost never,Sometimes,Fairly often,Never,Fairly often,Sometimes,Almost never,Sometimes,Fairly often,Sometimes,Carrying on and completing tasks,Not sure,Yes,Sometimes,Almost never,Fairly often,Sometimes,Sometimes,Almost never,Sometimes,Fairly often,Fairly often,Fairly often,Fairly often,Sometimes,
Female,White,23,UK,PhD,1,Life sciences,To a large extent,Very often,Sometimes,Almost never,Sometimes,Almost never,Sometimes,Sometimes,Fairly often,Almost never,Almost never,Almost never,Sometimes,"Relaxation, exercise, communication within work and also outside of work.",Not sure,Yes,Fairly often,Almost never,Never,Never,Almost never,Almost never,Sometimes,Fairly often,Sometimes,Fairly often,Never,Almost never,Issues at work
Female,White,23,UK,PhD,1,Life sciences,To a large extent,Fairly often,Fairly often,Fairly often,Fairly often,Fairly often,Fairly often,Sometimes,Very often,Fairly often,Sometimes,Fairly often,Very often,Usually avoidance which makes things worse. Treating myself to a tea or coffee or buying something new to try and help. ,No,No,Fairly often,Sometimes,Fairly often,Almost never,Very often,Fairly often,Very often,Fairly often,Very often,Very often,Sometimes,Never,Starting to date again after bad past experiences 
Female,White,29,UK,PhD,1,Arts and humanities,To a large extent,Fairly often,Almost never,Almost never,Very often,Never,Sometimes,Almost never,Sometimes,Sometimes,Almost never,Almost never,Never,"Sleep meditations (e.g. On YouTube or Amazon music) at night, jacuzzi / sauna at the gym, anxiety medication, taking a day off to do something different ",Yes,Not sure,Sometimes,Almost never,Sometimes,Almost never,Almost never,Sometimes,Sometimes,Almost never,Fairly often,Very often,Sometimes,Never,Caffeine (drinking more caffeine to get more work done / help with concentration but this causes heart palpitations sometimes
Female,Black / African / Caribbean / Black British,43,International,Taught master's degree,Other,Other,To a large extent,Fairly often,Sometimes,Fairly often,Fairly often,Fairly often,Almost never,Sometimes,Fairly often,Fairly often,Fairly often,Almost never,Very often,"Walk on the beach
Drink Tea
Read
Sing",Yes,Yes,Very often,Fairly often,Sometimes,Sometimes,Fairly often,Sometimes,Sometimes,Sometimes,Almost never,Sometimes,Almost never,Almost never,Self healing and overcoming my personal problems to enable me cope with school work
Female,Asian / Asian British,22,UK,PhD,2,Psychology,To a large extent,Sometimes,Never,Never,Sometimes,Almost never,Never,Never,Sometimes,Sometimes,Never,Never,Sometimes,Social support - talking and socialising with friends and family.,Yes,No,Fairly often,Fairly often,Never,Sometimes,Almost never,Almost never,Almost never,Sometimes,Never,Very often,Fairly often,Sometimes,Issues with my partner/family
Female,White,26,EU,PhD,3,Life sciences,To a large extent,Fairly often,Fairly often,Fairly often,Fairly often,Fairly often,Never,Almost never,Sometimes,Fairly often,Almost never,Almost never,Fairly often,Meditation and exercise. ,Yes,No,Sometimes,Sometimes,Never,Almost never,Never,Never,Sometimes,Very often,Never,Almost never,Sometimes,Never,Personal issues.
Female,White,36,UK,Taught master's degree,1,Law,Completely,Very often,Fairly often,Very often,Very often,Very often,Very often,Fairly often,Fairly often,Fairly often,Sometimes,Fairly often,Fairly often,"I try to practice yoga and mindfullness, plus walking in the nature",Not sure,Not sure,Fairly often,Sometimes,Fairly often,Sometimes,Fairly often,Fairly often,Very often,Sometimes,Very often,Fairly often,Very often,Very often,work
Female,Other,29,International,PhD,3,Education,Completely,Fairly often,Sometimes,Sometimes,Very often,Sometimes,Fairly often,Sometimes,Fairly often,Fairly often,Sometimes,Very often,Fairly often,"Talking with friends, making lists, trying to distract myself with books or movies",Not sure,No,Fairly often,Very often,Never,Sometimes,Sometimes,Almost never,Very often,Sometimes,Very often,Fairly often,Sometimes,Almost never,
Female,White,22,UK,PhD,1,Life sciences,To a large extent,Very often,Fairly often,Almost never,Fairly often,Sometimes,Almost never,Very often,Fairly often,Fairly often,Fairly often,Fairly often,Never,Thorough planning of day to day work in order to feel on top of my tasks and to avoid being overwhelmed.,Not sure,Yes,Sometimes,Almost never,Almost never,Never,Never,Never,Sometimes,Sometimes,Sometimes,Sometimes,Never,Never,
Female,Asian / Asian British,27,International,PhD,1,Life sciences,Somewhat,Sometimes,Almost never,Sometimes,Fairly often,Never,Almost never,Sometimes,Fairly often,Almost never,Sometimes,Never,Almost never,"Deep breath
Good meal
Sleep for longer time
Make plans for work in advance",Yes,Yes,Sometimes,Sometimes,Never,Almost never,Never,Never,Almost never,Never,Sometimes,Fairly often,Fairly often,Almost never,Gaining weight
Female,White,23,UK,Taught master's degree,1,Psychology,To a small extent,Almost never,Fairly often,Fairly often,Sometimes,Sometimes,Almost never,Sometimes,Fairly often,Never,Sometimes,Sometimes,Almost never,"Mindfulness, talking to friends and counsellor ",Not sure,No,Sometimes,Sometimes,Almost never,Never,Almost never,Never,Never,Sometimes,Sometimes,Sometimes,Never,Never,Dissertation
Female,Asian / Asian British,26,UK,PhD,3,Other,Somewhat,Sometimes,Sometimes,Sometimes,Sometimes,Fairly often,Almost never,Sometimes,Sometimes,Sometimes,Fairly often,Never,Almost never,"Socialising with friends or talking to a friend or my partner.
Relaxing at home - watching feel good TV.
Exercise.",Not sure,Yes,Sometimes,Sometimes,Almost never,Never,Sometimes,Almost never,Sometimes,Never,Sometimes,Sometimes,Sometimes,Almost never,"Relatives being ill, in hospital etc."
Female,White,28,UK,PhD,3,Arts and humanities,To a large extent,Very often,Fairly often,Sometimes,Fairly often,Almost never,Almost never,Sometimes,Fairly often,Fairly often,Fairly often,Sometimes,Sometimes,Talking to friends; yoga; sleep; massage,Yes,Not sure,Very often,Very often,Very often,Almost never,Almost never,Sometimes,Fairly often,Sometimes,Fairly often,Very often,Very often,Fairly often,
Female,White,25,UK,PhD,1,Life sciences,To a large extent,Very often,Fairly often,Fairly often,Very often,Fairly often,Sometimes,Fairly often,Fairly often,Sometimes,Sometimes,Sometimes,Sometimes,I'm not sure I have one. ,Not sure,Yes,Sometimes,Fairly often,Fairly often,Fairly often,Fairly often,Fairly often,Fairly often,Sometimes,Almost never,Fairly often,Fairly often,Never,
Female,White,25,EU,PhD,3,Life sciences,To a large extent,Fairly often,Fairly often,Fairly often,Fairly often,Fairly often,Fairly often,Fairly often,Very often,Fairly often,Sometimes,Almost never,Fairly often,"Excercise, Cooking, Watching TV ",Yes,Yes,Fairly often,Sometimes,Almost never,Fairly often,Never,Almost never,Almost never,Sometimes,Sometimes,Fairly often,Sometimes,Never,
Female,White,25,UK,PhD,1,Life sciences,Completely,Very often,Fairly often,Very often,Fairly often,Fairly often,Fairly often,Very often,Very often,Fairly often,Very often,Fairly often,Fairly often,Food and gym,Not sure,Not sure,Very often,Very often,Very often,Never,Fairly often,Sometimes,Very often,Never,Very often,Very often,Fairly often,Fairly often,
Female,Mixed / Multiple Ethnic Groups,31,International,PhD,3,Education,To a large extent,Fairly often,Fairly often,Sometimes,Fairly often,Sometimes,Sometimes,Sometimes,Fairly often,Sometimes,Sometimes,Fairly often,Sometimes,"'-take time out with my husband and friends.
-read something different
-see series",Not sure,Not sure,Very often,Fairly often,Almost never,Sometimes,Almost never,Sometimes,Sometimes,Almost never,Almost never,Sometimes,Sometimes,Almost never,'-how to manage my free time withouth feeling guilty.
Female,Other,35,International,PhD,Other,Education,To a large extent,Sometimes,Sometimes,Fairly often,Very often,Fairly often,Fairly often,Very often,Sometimes,Sometimes,Almost never,Never,Almost never,"Yoga sometimes, try to find moments of relaxation (watching a series or a movie, knitting). Planning the day ahead, although is not working very well.",Not sure,Yes,Very often,Sometimes,Almost never,Almost never,Almost never,Sometimes,Fairly often,Almost never,Sometimes,Very often,Very often,Sometimes,
Female,White,25,UK,PhD,3,Life sciences,To a large extent,Fairly often,Almost never,Sometimes,Very often,Almost never,Never,Sometimes,Fairly often,Sometimes,Never,Almost never,Sometimes,Talk to people about it over tea. Engage in creative activies.,Not sure,Yes,Fairly often,Never,Sometimes,Almost never,Never,Sometimes,Sometimes,Fairly often,Never,Very often,Very often,Never,
Female,Mixed / Multiple Ethnic Groups,30,UK,PhD,1,Law,To a large extent,Sometimes,Sometimes,Sometimes,Sometimes,Sometimes,Almost never,Sometimes,Sometimes,Sometimes,Almost never,Sometimes,Fairly often,"I've always been an avid tea drinker and I think tea helps to re-centre, de-stress and to concentrate on the present. 
I also go to the gym, sauna and take walks.",Not sure,No,Sometimes,Never,Sometimes,Almost never,Sometimes,Almost never,Almost never,Almost never,Almost never,Almost never,Never,Never,balancing uni work and extra curricula activities
Female,White,25,EU,PhD,1,"Clinical, pre-clinical and health",To a large extent,Fairly often,Almost never,Fairly often,Sometimes,Sometimes,Never,Sometimes,Sometimes,Sometimes,Never,Almost never,Almost never,"Regular exercise/gym classes, socializing, avoid making plans until I've completed so many tasks. ",Not sure,Not sure,Fairly often,Almost never,Almost never,Almost never,Almost never,Almost never,Sometimes,Sometimes,Very often,Almost never,Sometimes,Never,"Stress due to things going on with family/illness in family, difficulty saving money on a PhD stipend/living paycheck-paycheck, managing multiple deadlines "
Female,White,31,UK,PhD,1,Life sciences,To a large extent,Very often,Sometimes,Sometimes,Fairly often,Sometimes,Almost never,Fairly often,Very often,Fairly often,Never,Never,Almost never,I go for walks and talk to my husband and cuddle my pets,Not sure,No,Almost never,Never,Fairly often,Fairly often,Never,Almost never,Almost never,Never,Never,Sometimes,Sometimes,Never,I‚Äôm having some hospital appointments which are stressful 
Female,Asian / Asian British,29,International,Taught master's degree,Other,Law,To a large extent,Fairly often,Fairly often,Very often,Fairly often,Sometimes,Never,Very often,Fairly often,Fairly often,Almost never,Never,Very often,"Exercise, good food, music.",No,No,Sometimes,Never,Almost never,Very often,Never,Sometimes,Almost never,Very often,Never,Very often,Very often,Very often,relationships
Female,White,26,UK,PhD,4,Arts and humanities,To a large extent,Sometimes,Fairly often,Sometimes,Sometimes,Sometimes,Almost never,Fairly often,Fairly often,Fairly often,Almost never,Almost never,Sometimes,"Exercise, taking the time to do something I enjoy each day, frequent breaks, lots of fluids (tea!).",Not sure,Yes,Fairly often,Almost never,Sometimes,Never,Never,Almost never,Sometimes,Never,Fairly often,Sometimes,Almost never,Sometimes,I am very close to completion and it has taken longer than I expected. I also do not have regular work which has made the financial situation stressful.
Female,White,26,UK,PhD,1,Social sciences,To a large extent,Very often,Sometimes,Almost never,Very often,Fairly often,Sometimes,Fairly often,Very often,Very often,Sometimes,Almost never,Fairly often,"Exercise, stress-eating, allotment, watching tv, drinking alcohol",No,No,Very often,Very often,Fairly often,Sometimes,Almost never,Sometimes,Fairly often,Almost never,Very often,Very often,Very often,Fairly often,Mainly financial stress
Female,Asian / Asian British,26,International,PhD,3,Life sciences,Somewhat,Sometimes,Sometimes,Almost never,Almost never,Almost never,Never,Never,Fairly often,Sometimes,Almost never,Sometimes,Fairly often,"Listening to music, talking to close friends and family, watching funny video, series and movies, eating Chinese food, sleeping, walk/jogging. ",Yes,Not sure,Sometimes,Fairly often,Sometimes,Fairly often,Sometimes,Almost never,Almost never,Fairly often,Sometimes,Sometimes,Sometimes,Never,long distance relationship with boyfriend
Female,Asian / Asian British,22,International,Taught master's degree,1,Social sciences,Somewhat,Sometimes,Almost never,Sometimes,Sometimes,Never,Never,Sometimes,Almost never,Never,Never,Almost never,Almost never,Basically sleeping and eating...,Yes,Not sure,Very often,Fairly often,Almost never,Sometimes,Almost never,Never,Sometimes,Never,Fairly often,Sometimes,Sometimes,Sometimes,dissertation
Female,White,24,UK,PhD,2,Engineering and technology,To a large extent,Very often,Almost never,Very often,Very often,Almost never,Sometimes,Fairly often,Fairly often,Sometimes,Almost never,Sometimes,Almost never,"Meditation and breathing exercises, yoga, exercise and walks/time spent through/in places of nature, especially those with strongly aromatic flowers.",Yes,Yes,Sometimes,Almost never,Sometimes,Never,Never,Never,Fairly often,Almost never,Sometimes,Fairly often,Almost never,Never,High stress of my other half from their university deadlines (thesis).
Female,White,23,EU,Taught master's degree,1,Physical science,Somewhat,Fairly often,Almost never,Sometimes,Fairly often,Sometimes,Never,Sometimes,Fairly often,Sometimes,Almost never,Almost never,Almost never,Sleep,Yes,Not sure,Sometimes,Fairly often,Almost never,Almost never,Sometimes,Almost never,Fairly often,Fairly often,Almost never,Almost never,Almost never,Never,Lack of organization in the master
Female,White,26,UK,PhD,3,Life sciences,To a large extent,Fairly often,Fairly often,Sometimes,Sometimes,Almost never,Almost never,Fairly often,Very often,Sometimes,Never,Never,Almost never,"Exercise
peer support
",Not sure,Not sure,Fairly often,Never,Never,Fairly often,Almost never,Sometimes,Almost never,Sometimes,Fairly often,Fairly often,Almost never,Never,Funding coming to an end and writing up thesis 
Female,White,23,EU,Taught master's degree,1,Arts and humanities,Completely,Fairly often,Sometimes,Sometimes,Very often,Sometimes,Never,Sometimes,Almost never,Sometimes,Fairly often,Fairly often,Almost never,"playing the guitar
going to the beach and read a book",No,No,Very often,Sometimes,Almost never,Almost never,Almost never,Sometimes,Very often,Never,Never,Sometimes,Almost never,Never,
Female,White,22,UK,Taught master's degree,1,Arts and humanities,To a large extent,Fairly often,Very often,Almost never,Very often,Fairly often,Fairly often,Fairly often,Fairly often,Fairly often,Sometimes,Never,Sometimes,"'- Going for a walk outside to take a breather from screens or work that I may be doing. 
- Talking to family members via FaceTime or on the phone. 
- Watching Netflix. 
- Going to the gym. ",Not sure,Yes,Fairly often,Sometimes,Very often,Sometimes,Fairly often,Fairly often,Very often,Very often,Very often,Very often,Very often,Fairly often,Family/friendship problems
Female,White,26,UK,PhD,3,Life sciences,To a large extent,Very often,Sometimes,Fairly often,Very often,Fairly often,Never,Fairly often,Almost never,Sometimes,Sometimes,Sometimes,Very often,"I tend to retreat socially to look after myself. This can be from starting a new TV series, playing with my cat or something like working on a jigsaw puzzle.
I talk to people about it which can be really effective. However, I often find social situations a burden when I am highly stressed so I have to do this electronically a lot of the time.",Not sure,No,Very often,Sometimes,Very often,Almost never,Almost never,Almost never,Sometimes,Very often,Very often,Very often,Very often,Very often,Deciding what I want to once I leave university and being in a disagreement with my supervisor about career paths
Female,White,28,UK,PhD,1,"Clinical, pre-clinical and health",To a large extent,Sometimes,Fairly often,Fairly often,Fairly often,Sometimes,Sometimes,Sometimes,Fairly often,Sometimes,Sometimes,Sometimes,Almost never,"Drinking tea, taking walks, talking to my partner",Yes,Yes,Sometimes,Sometimes,Never,Almost never,Almost never,Almost never,Sometimes,Never,Sometimes,Sometimes,Almost never,Never,Family stuff
Female,White,24,UK,PhD,3,Life sciences,To a large extent,Fairly often,Sometimes,Fairly often,Fairly often,Almost never,Almost never,Sometimes,Fairly often,Sometimes,Almost never,Almost never,Almost never,"Exercise, Pamper nights, Creative Hobbies. Seeing Friends ( mainly at the pub) and my boyfriend. ",Yes,No,Fairly often,Fairly often,Sometimes,Sometimes,Fairly often,Sometimes,Very often,Never,Sometimes,Fairly often,Fairly often,Never,
Female,White,63,UK,PhD,1,Arts and humanities,Somewhat,Sometimes,Never,Sometimes,Sometimes,Sometimes,Never,Almost never,Sometimes,Almost never,Sometimes,Almost never,Never,Eating walking playing with the cat and reading bad historical novels,Yes,Yes,Almost never,Sometimes,Almost never,Never,Almost never,Never,Sometimes,Sometimes,Almost never,Sometimes,Never,Almost never,Family illness
Female,White,27,EU,Taught master's degree,Other,Law,Somewhat,Fairly often,Almost never,Fairly often,Sometimes,Almost never,Almost never,Fairly often,Fairly often,Sometimes,Almost never,Almost never,Almost never,"Do sports, have a coffee.",Not sure,Not sure,Sometimes,Sometimes,Almost never,Almost never,Almost never,Almost never,Sometimes,Almost never,Almost never,Almost never,Almost never,Never,Plans for the next couple months
Female,White,25,UK,Taught master's degree,2,Psychology,To a large extent,Very often,Almost never,Almost never,Fairly often,Sometimes,Almost never,Almost never,Fairly often,Sometimes,Almost never,Almost never,Never,"Focusing on my hobbies- indoor plants! 
Distraction- seeing friends, reading.",Yes,Yes,Very often,Almost never,Almost never,Never,Sometimes,Never,Very often,Very often,Very often,Very often,Very often,Very often,Family life- mum is unwell. And financial pressure of owning a home
Female,Mixed / Multiple Ethnic Groups,24,UK,Taught master's degree,1,Psychology,To a large extent,Fairly often,Sometimes,Sometimes,Very often,Never,Never,Very often,Very often,Very often,Never,Almost never,Fairly often,"Exercise (running, gym), cooking, writing to do lists ",Not sure,No,Almost never,Almost never,Never,Sometimes,Fairly often,Never,Never,Never,Never,Never,Never,Never,"Moving flat due to bad landlord, relationship problems, dissertation research obstacles"
Female,White,22,UK,Taught master's degree,1,Life sciences,Completely,Very often,Sometimes,Sometimes,Fairly often,Fairly often,Fairly often,Fairly often,Very often,Sometimes,Almost never,Sometimes,Fairly often,I don‚Äôt have any,No,No,Very often,Sometimes,Sometimes,Almost never,Almost never,Sometimes,Fairly often,Sometimes,Sometimes,Very often,Sometimes,Fairly often,
Female,White,26,UK,PhD,2,Psychology,Somewhat,Fairly often,Never,Sometimes,Fairly often,Fairly often,Almost never,Sometimes,Fairly often,Almost never,Never,Never,Sometimes,"Tackle the problem head on, otherwise try to put things in perspective and do something different (like bewith friends).",Yes,Yes,Very often,Sometimes,Fairly often,Almost never,Fairly often,Almost never,Sometimes,Never,Almost never,Fairly often,Almost never,Never,Body image
Female,White,1987,International,Other,2,Law,To a large extent,Sometimes,Almost never,Almost never,Sometimes,Sometimes,Almost never,Never,Almost never,Sometimes,Almost never,Almost never,Sometimes,"Doing exercises, yoga and meditation ",Yes,Yes,Fairly often,Fairly often,Sometimes,Never,Almost never,Almost never,Sometimes,Never,Sometimes,Sometimes,Almost never,Almost never,To find a job
Female,White,48,UK,PhD,4,Arts and humanities,To a large extent,Fairly often,Almost never,Fairly often,Very often,Almost never,Never,Very often,Very often,Fairly often,Almost never,Very often,Almost never,"Taking it out on others, or withdrawal from them! I also have quite a lot of quality time when I can forget all about it.",No,Not sure,Very often,Never,Sometimes,Almost never,Never,Never,Very often,Almost never,Never,Fairly often,Almost never,Very often,"As a mature student I have a young child, a part-time professional career and ageing parents as well as a thesis to write!"
Female,White,28,UK,PhD,4,Psychology,Somewhat,Fairly often,Sometimes,Fairly often,Sometimes,Sometimes,Never,Fairly often,Fairly often,Sometimes,Sometimes,Fairly often,Sometimes,"Yoga
Walking
Friends
Swimming",Yes,No,Sometimes,Never,Almost never,Fairly often,Almost never,Sometimes,Sometimes,Sometimes,Very often,Sometimes,Sometimes,Never,
Female,White,22,UK,Research master's degree,1,Life sciences,To a large extent,Fairly often,Very often,Sometimes,Fairly often,Sometimes,Fairly often,Fairly often,Fairly often,Sometimes,Sometimes,Sometimes,Sometimes,To cope with stress I usually prefer to do nothing and just relax and watch a TV show or film in bed.  ,Not sure,Not sure,Fairly often,Fairly often,Never,Very often,Fairly often,Fairly often,Fairly often,Sometimes,Almost never,Very often,Sometimes,Sometimes,Break up 
Female,White,30,UK,PhD,4,Life sciences,To a large extent,Sometimes,Almost never,Almost never,Fairly often,Sometimes,Sometimes,Sometimes,Fairly often,Sometimes,Almost never,Almost never,Sometimes,"Try and get outside, on my bike or for a walk. Talk to friends.",No,No,Sometimes,Fairly often,Sometimes,Almost never,Sometimes,Almost never,Fairly often,Sometimes,Fairly often,Very often,Sometimes,Sometimes,relationship breakdown
Female,White,24,UK,Other,1,Psychology,Somewhat,Sometimes,Never,Never,Sometimes,Sometimes,Sometimes,Almost never,Fairly often,Sometimes,Almost never,Never,Almost never,"Exercise, breathing techniques, ‚Äòme time‚Äô",Yes,No,Fairly often,Sometimes,Fairly often,Almost never,Never,Sometimes,Fairly often,Never,Fairly often,Very often,Sometimes,Very often,Relationships 
Female,White,25,UK,PhD,1,Life sciences,To a large extent,Fairly often,Never,Never,Fairly often,Sometimes,Never,Fairly often,Sometimes,Fairly often,Never,Never,Fairly often,"Talking
Socialising",Yes,No,Very often,Very often,Very often,Never,Sometimes,Sometimes,Sometimes,Fairly often,Almost never,Very often,Fairly often,Sometimes,N/a
Female,White,28,UK,PhD,4,Arts and humanities,Completely,Fairly often,Very often,Sometimes,Very often,Fairly often,Sometimes,Very often,Fairly often,Fairly often,Almost never,Sometimes,Fairly often,"Running, mindfulness, tea, cat, trying to sleep and hoping it all goes away",Not sure,Not sure,Fairly often,Sometimes,Sometimes,Sometimes,Sometimes,Sometimes,Very often,Very often,Very often,Very often,Fairly often,Very often,"Family illness, teaching alongside studying, general fear for the future"
Female,White,26,UK,PhD,2,"Clinical, pre-clinical and health",Somewhat,Fairly often,Fairly often,Sometimes,Fairly often,Fairly often,Never,Very often,Fairly often,Almost never,Almost never,Fairly often,Never,"Reading and exercise, trying to make sure I don't do work too late into the evening",Not sure,Yes,Fairly often,Very often,Sometimes,Sometimes,Never,Almost never,Very often,Sometimes,Sometimes,Very often,Very often,Sometimes,Experiments failing and working long hours
Female,White,25,EU,Taught master's degree,1,Social sciences,To a large extent,Very often,Sometimes,Almost never,Fairly often,Very often,Sometimes,Fairly often,Fairly often,Almost never,Almost never,Fairly often,Sometimes,Cooking. Reading. Going out of town for a day to get some physical distance to daily life. ,Yes,Not sure,Fairly often,Sometimes,Very often,Sometimes,Sometimes,Sometimes,Fairly often,Almost never,Almost never,Fairly often,Sometimes,Never,"Struggle with landlord over apartment condition (noise levels, insufficient insulation)"
Female,White,25,UK,PhD,1,Life sciences,To a large extent,Very often,Fairly often,Fairly often,Fairly often,Almost never,Never,Almost never,Almost never,Fairly often,Never,Almost never,Sometimes,Running and Reading ,Not sure,Yes,Sometimes,Fairly often,Almost never,Never,Never,Almost never,Sometimes,Never,Fairly often,Fairly often,Sometimes,Fairly often,
Female,Other,29,International,PhD,4,Arts and humanities,Completely,Very often,Very often,Sometimes,Very often,Fairly often,Sometimes,Fairly often,Sometimes,Fairly often,Sometimes,Very often,Sometimes,just tell myself not to stress out,No,No,Very often,Almost never,Very often,Almost never,Sometimes,Almost never,Very often,Very often,Very often,Very often,Very often,Very often,
Female,White,24,UK,PhD,2,Life sciences,To a large extent,Very often,Sometimes,Sometimes,Fairly often,Fairly often,Almost never,Fairly often,Fairly often,Fairly often,Almost never,Almost never,Sometimes,Some small mindfullness tasks especially to aid sleep. Swimming and walking and other forms of exercise. Talking to those closest to me. ,Not sure,No,Almost never,Sometimes,Fairly often,Very often,Very often,Fairly often,Fairly often,Sometimes,Very often,Very often,Fairly often,Never,Realisation that I do not enjoy research anymore. 
Female,Asian / Asian British,36,International,PhD,1,"Clinical, pre-clinical and health",Somewhat,Fairly often,Almost never,Almost never,Sometimes,Almost never,Sometimes,Fairly often,Very often,Sometimes,Almost never,Fairly often,Fairly often,Try to go out somewhere. Talk to someone or call family back home.,Yes,Not sure,Fairly often,Very often,Very often,Sometimes,Sometimes,Fairly often,Sometimes,Fairly often,Sometimes,Very often,Fairly often,Almost never,Upcoming review for 1st year and also constant progress report monitoring from my funder
Female,White,24,UK,Taught master's degree,1,Arts and humanities,Completely,Very often,Fairly often,Fairly often,Very often,Very often,Sometimes,Fairly often,Fairly often,Fairly often,Sometimes,Sometimes,Very often,"Coffee, videogames, socialising with friends, walks, shopping.",No,Yes,Fairly often,Never,Sometimes,Sometimes,Sometimes,Sometimes,Sometimes,Almost never,Very often,Fairly often,Fairly often,Very often,Depression
Female,White,24,UK,PhD,2,Life sciences,To a large extent,Very often,Almost never,Sometimes,Fairly often,Sometimes,Sometimes,Sometimes,Fairly often,Sometimes,Almost never,Sometimes,Fairly often,"Trying to be organised, going to sleep early, doing something nice e.g. going for coffee. ",Not sure,Not sure,Very often,Fairly often,Fairly often,Almost never,Almost never,Sometimes,Fairly often,Sometimes,Almost never,Very often,Sometimes,Almost never,
Female,White,26,UK,Taught master's degree,1,Life sciences,Completely,Very often,Sometimes,Fairly often,Very often,Very often,Fairly often,Fairly often,Fairly often,Very often,Sometimes,Fairly often,Fairly often,"Drinking tea, making lists of things to do and setting goals, watching YouTube ",Not sure,Not sure,Very often,Very often,Fairly often,Fairly often,Fairly often,Sometimes,Fairly often,Sometimes,Sometimes,Very often,Sometimes,Never,
Female,White,30,UK,Research master's degree,1,Social sciences,Somewhat,Sometimes,Never,Sometimes,Sometimes,Sometimes,Almost never,Almost never,Sometimes,Sometimes,Almost never,Almost never,Sometimes,"Yoga, meditation, meeting with friends, walk in nature, bouldering, talking with my mum, having a nap and taking time out, affirmations and gratitudes, writing, putting things in perspective",Yes,No,Fairly often,Fairly often,Sometimes,Sometimes,Sometimes,Sometimes,Fairly often,Almost never,Sometimes,Fairly often,Almost never,Sometimes,
Male,White,26,UK,PhD,2,Arts and humanities,To a large extent,Very often,Sometimes,Fairly often,Sometimes,Very often,Almost never,Sometimes,Sometimes,Fairly often,Almost never,Sometimes,Sometimes,Antidepressants and excersise  ,Not sure,Not sure,Fairly often,Fairly often,Almost never,Sometimes,Sometimes,Sometimes,Fairly often,Almost never,Sometimes,Fairly often,Sometimes,Fairly often,Illness in family 
Male,White,29,UK,PhD,2,Life sciences,To a large extent,Sometimes,Almost never,Very often,Sometimes,Almost never,Sometimes,Very often,Fairly often,Almost never,Almost never,Never,Never,Sport,Not sure,Yes,Fairly often,Sometimes,Almost never,Almost never,Sometimes,Almost never,Very often,Almost never,Almost never,Sometimes,Never,Never,Commuting time/distance
Male,White,26,UK,PhD,4,Life sciences,To a large extent,Very often,Sometimes,Sometimes,Fairly often,Fairly often,Almost never,Sometimes,Fairly often,Sometimes,Fairly often,Sometimes,Sometimes,"I will avoid doing the things that stress me. This is a poor mechanism, as it does not solve the problem. When I do the things that I am putting off doing the stress reduces. ",No,Yes,Very often,Almost never,Almost never,Almost never,Almost never,Almost never,Sometimes,Almost never,Almost never,Very often,Very often,Never,
Male,Other,22,UK,PhD,1,Life sciences,Completely,Sometimes,Very often,Fairly often,Very often,Very often,Sometimes,Fairly often,Fairly often,Very often,Almost never,Sometimes,Sometimes,"Meditation, stretching, and aromatherapy",Yes,Yes,Very often,Sometimes,Sometimes,Fairly often,Almost never,Sometimes,Fairly often,Almost never,Sometimes,Fairly often,Fairly often,Never,
Male,White,35,UK,Taught master's degree,2,Social sciences,To a large extent,Sometimes,Sometimes,Fairly often,Fairly often,Fairly often,Fairly often,Sometimes,Very often,Fairly often,Never,Fairly often,Never,"Dog Walking, reading, television watching",Not sure,Yes,Almost never,Almost never,Sometimes,Never,Never,Never,Never,Very often,Never,Fairly often,Never,Almost never,Family diffculities
Male,White,26,UK,PhD,4,"Clinical, pre-clinical and health",To a large extent,Sometimes,Sometimes,Sometimes,Fairly often,Never,Almost never,Fairly often,Fairly often,Sometimes,Almost never,Almost never,Sometimes,"Getting out of the work environment - i tend not to work at home so going home, even after a long day in the office, tends to help. Or walking around the park",Yes,Not sure,Very often,Very often,Never,Never,Never,Almost never,Very often,Almost never,Never,Sometimes,Almost never,Never,
Male,Black / African / Caribbean / Black British,28,UK,PhD,2,Life sciences,Completely,Very often,Very often,Very often,Very often,Very often,Almost never,Very often,Very often,Fairly often,Fairly often,Sometimes,Fairly often,"Music
5HTP supplementation
Meditation
Talking to close friends
Isolation",Not sure,No,Very often,Very often,Sometimes,Very often,Very often,Very often,Very often,Very often,Sometimes,Very often,Very often,Very often,"Relationship problems, poor sleep, poor health"
Male,Other,30,UK,PhD,1,Life sciences,Somewhat,Fairly often,Sometimes,Very often,Almost never,Almost never,Almost never,Almost never,Sometimes,Almost never,Almost never,Never,Sometimes,Cycling and other types of exercising ,Not sure,Not sure,Sometimes,Almost never,Never,Fairly often,Sometimes,Sometimes,Sometimes,Never,Fairly often,Fairly often,Almost never,Never,Maybe housing issues
Male,White,25,UK,PhD,1,Life sciences,Somewhat,Almost never,Never,Never,Fairly often,Sometimes,Sometimes,Never,Sometimes,Never,Never,Never,Never,Distract myself with another task,No,Yes,Almost never,Almost never,Sometimes,Almost never,Never,Never,Almost never,Never,Sometimes,Almost never,Never,Never,Relationship problems
Male,White,27,EU,PhD,2,"Clinical, pre-clinical and health",To a large extent,Very often,Almost never,Never,Fairly often,Sometimes,Almost never,Sometimes,Fairly often,Fairly often,Never,Sometimes,Fairly often,"Try talking it out. I like to speak with my friends/colleagues/family/supervisor about the challenges and problems I am having and comforting words usually helps. Also, treating myself with some good food or small impulsive purchases also feels rewarding.",Not sure,No,Very often,Very often,Sometimes,Almost never,Fairly often,Almost never,Very often,Almost never,Never,Fairly often,Sometimes,Never,
Male,Other,33,International,PhD,4,Social sciences,Somewhat,Sometimes,Almost never,Almost never,Sometimes,Never,Sometimes,Sometimes,Sometimes,Sometimes,Sometimes,Almost never,Almost never,I watch YouTube videos about hobbies that I would like to follow after the PhD. I hone knives and polish shoes.,Yes,No,Fairly often,Sometimes,Fairly often,Sometimes,Sometimes,Fairly often,Fairly often,Sometimes,Almost never,Very often,Very often,Almost never,Family related issues
Male,White,26,EU,PhD,2,Computer science,Somewhat,Sometimes,Almost never,Almost never,Fairly often,Almost never,Almost never,Sometimes,Sometimes,Almost never,Almost never,Almost never,Sometimes,"I do Yoga, chanting and mindfulness practices on a daily basis. Sometimes I play guitar. ",Yes,Yes,Sometimes,Almost never,Almost never,Sometimes,Almost never,Almost never,Almost never,Sometimes,Never,Sometimes,Fairly often,Almost never,
Male,White,23,EU,PhD,2,Life sciences,Somewhat,Fairly often,Almost never,Sometimes,Sometimes,Sometimes,Never,Sometimes,Fairly often,Never,Almost never,Almost never,Never,"Exercise
Food",Yes,No,Sometimes,Sometimes,Almost never,Fairly often,Almost never,Never,Sometimes,Never,Almost never,Very often,Almost never,Never,Moving
Male,White,24,UK,PhD,1,Physical science,Somewhat,Fairly often,Sometimes,Sometimes,Almost never,Almost never,Almost never,Sometimes,Almost never,Almost never,Never,Never,Never,"Play computer games at home, organise my schedule, and make sure I take time for myself.",Not sure,Yes,Sometimes,Sometimes,Never,Never,Never,Never,Sometimes,Never,Almost never,Sometimes,Almost never,Never,"Workload, some of which I have little interest in, but must do it anyway."
Male,White,25,UK,Taught master's degree,1,Psychology,Somewhat,Fairly often,Fairly often,Fairly often,Very often,Fairly often,Sometimes,Fairly often,Fairly often,Sometimes,Almost never,Sometimes,Almost never,Take a break from work and go for a walk or watch tv,Not sure,Not sure,Fairly often,Sometimes,Sometimes,Never,Never,Almost never,Sometimes,Never,Almost never,Almost never,Sometimes,Sometimes,N/a
Male,White,22,UK,Research master's degree,1,Arts and humanities,To a large extent,Sometimes,Almost never,Never,Fairly often,Sometimes,Almost never,Sometimes,Fairly often,Almost never,Almost never,Sometimes,Never,"Talk to my boyfriend and friends.
Although I don't have the best coping mechanisms for stress.",Not sure,No,Very often,Never,Never,Very often,Never,Sometimes,Almost never,Almost never,Never,Fairly often,Fairly often,Never,Having to completely restart my research masters project. Thinking about future careers and jobs.
Male,White,28,UK,Research master's degree,1,Life sciences,Somewhat,Sometimes,Sometimes,Fairly often,Sometimes,Very often,Almost never,Sometimes,Fairly often,Fairly often,Never,Almost never,Fairly often,Drugs and excercise,No,Yes,Almost never,Never,Almost never,Never,Never,Never,Never,Never,Sometimes,Fairly often,Very often,Never,
Male,White,28,UK,PhD,2,Arts and humanities,Somewhat,Sometimes,Almost never,Almost never,Sometimes,Almost never,Never,Almost never,Sometimes,Sometimes,Almost never,Never,Sometimes,"Meditation, lots of exercise (up to 6x a week), and nutritionally dense food",Yes,Not sure,Almost never,Sometimes,Almost never,Never,Never,Never,Almost never,Never,Fairly often,Sometimes,Sometimes,Almost never,'-Climate crisis and potential societal collapse
Male,White,26,UK,PhD,4,Arts and humanities,To a large extent,Fairly often,Sometimes,Sometimes,Very often,Very often,Almost never,Sometimes,Fairly often,Fairly often,Almost never,Fairly often,Fairly often,"Exercise, trying to find time for hobbies, naps",No,Yes,Very often,Sometimes,Fairly often,Fairly often,Almost never,Fairly often,Fairly often,Almost never,Fairly often,Very often,Very often,Very often,
Male,White,28,UK,PhD,Other,Computer science,To a large extent,Sometimes,Almost never,Fairly often,Fairly often,Almost never,Almost never,Sometimes,Sometimes,Almost never,Almost never,Never,Never,"I try to spend time outside in nature (walking in the countryside or swimming in the sea). 
Meditation. 
",Yes,Yes,Sometimes,Fairly often,Fairly often,Almost never,Almost never,Fairly often,Fairly often,Sometimes,Fairly often,Very often,Very often,Never,
Male,White,25,UK,PhD,1,Physical science,Somewhat,Very often,Almost never,Sometimes,Almost never,Sometimes,Never,Almost never,Sometimes,Never,Never,Never,Never,"I try to relax by listenning music, either play poker or video games on my smartphone. I can take a break in my work to watch a movie/serie/youtube episode about fictions/science, etc...",Not sure,Yes,Very often,Fairly often,Never,Almost never,Sometimes,Never,Sometimes,Never,Sometimes,Almost never,Almost never,Never,The fact that I have to find a new flat not too expensive for next November. I'm very worried about it
Male,Asian / Asian British,30,International,PhD,3,Computer science,To a large extent,Sometimes,Fairly often,Almost never,Sometimes,Fairly often,Never,Sometimes,Very often,Sometimes,Sometimes,Sometimes,Very often,Yoga and some exercises.,Not sure,Yes,Sometimes,Fairly often,Sometimes,Almost never,Almost never,Sometimes,Sometimes,Almost never,Sometimes,Sometimes,Sometimes,Fairly often,
Male,White,26,UK,PhD,2,Arts and humanities,To a large extent,Sometimes,Almost never,Almost never,Sometimes,Sometimes,Almost never,Sometimes,Sometimes,Almost never,Never,Almost never,Never,My coping mechanism for stress is usually going out for a run or to the gym.,Yes,Not sure,Sometimes,Sometimes,Almost never,Never,Sometimes,Almost never,Sometimes,Sometimes,Sometimes,Sometimes,Sometimes,Sometimes,The stress of the house hunt. 
Male,White,24,UK,PhD,1,Physical science,Completely,Fairly often,Fairly often,Almost never,Fairly often,Fairly often,Fairly often,Fairly often,Very often,Sometimes,Sometimes,Almost never,Fairly often,Discussing my problems with people. Drinking tea. Exercise,Not sure,Not sure,Very often,Very often,Very often,Almost never,Sometimes,Almost never,Very often,Very often,Almost never,Very often,Very often,Never,"Big life decisions e.g. buying a flat with a partner, choosing PhD project. Hostile, disrespectful and untidy housemates making life very uncomfortable at the moment"
Male,White,23,UK,Taught master's degree,1,Psychology,Somewhat,Sometimes,Sometimes,Sometimes,Almost never,Never,Never,Almost never,Fairly often,Never,Almost never,Sometimes,Never,Staying on top of the work I need to do; reminding myself that the stress is temporary. ,Yes,Not sure,Sometimes,Fairly often,Almost never,Very often,Fairly often,Never,Almost never,Almost never,Fairly often,Never,Sometimes,Sometimes,Issues with dissertation supervisors and attempting to find a job post-graduation
Male,Mixed / Multiple Ethnic Groups,32,International,PhD,4,Arts and humanities,To a large extent,Fairly often,Sometimes,Sometimes,Sometimes,Sometimes,Almost never,Sometimes,Fairly often,Sometimes,Sometimes,Almost never,Almost never,"Exercise, meditation, socialising",Yes,Not sure,Fairly often,Fairly often,Almost never,Almost never,Sometimes,Almost never,Fairly often,Almost never,Almost never,Almost never,Almost never,Almost never,The general anxiety that comes from having my PhD dealine in a couple of months time
Male,Other,27,International,PhD,1,Other,Somewhat,Sometimes,Never,Sometimes,Fairly often,Sometimes,Never,Sometimes,Sometimes,Sometimes,Never,Never,Sometimes,Listening to music and watching videos,Yes,Not sure,Sometimes,Sometimes,Sometimes,Almost never,Almost never,Almost never,Sometimes,Never,Fairly often,Sometimes,Almost never,Never,
Male,White,34,EU,PhD,2,Arts and humanities,To a small extent,Sometimes,Sometimes,Never,Almost never,Sometimes,Never,Sometimes,Fairly often,Never,Never,Never,Never,Prayer,Yes,Yes,Sometimes,Sometimes,Never,Never,Never,Never,Sometimes,Never,Never,Fairly often,Fairly often,Fairly often,
Male,Mixed / Multiple Ethnic Groups,35,International,PhD,3,Engineering and technology,Somewhat,Fairly often,Almost never,Sometimes,Almost never,Sometimes,Almost never,Almost never,Fairly often,Sometimes,Almost never,Almost never,Almost never,"Sport, music and enjoy a good beer with friends",Not sure,Yes,Fairly often,Almost never,Almost never,Sometimes,Sometimes,Sometimes,Fairly often,Almost never,Sometimes,Sometimes,Sometimes,Sometimes,
Male,White,50,International,PhD,1,Arts and humanities,Somewhat,Sometimes,Almost never,Sometimes,Fairly often,Very often,Almost never,Sometimes,Sometimes,Almost never,Almost never,Almost never,Sometimes,"Music, gaming, reading, walking",No,Yes,Sometimes,Almost never,Sometimes,Almost never,Almost never,Almost never,Almost never,Sometimes,Sometimes,Fairly often,Almost never,Almost never,
Male,White,26,UK,PhD,4,Life sciences,To a large extent,Fairly often,Sometimes,Sometimes,Fairly often,Sometimes,Never,Fairly often,Sometimes,Sometimes,Sometimes,Almost never,Almost never,"Going for walks and taking regular breaks from work
Socialising with friends
Cooking",No,Not sure,Fairly often,Sometimes,Sometimes,Sometimes,Almost never,Sometimes,Sometimes,Never,Never,Fairly often,Fairly often,Never,
Male,White,23,UK,PhD,1,Life sciences,Somewhat,Fairly often,Sometimes,Almost never,Sometimes,Sometimes,Almost never,Fairly often,Fairly often,Fairly often,Never,Fairly often,Fairly often,"Reading, listening to music, talking it out with my partner",Yes,Yes,Sometimes,Almost never,Almost never,Sometimes,Almost never,Sometimes,Fairly often,Almost never,Never,Fairly often,Fairly often,Never,Personal issues
Male,Mixed / Multiple Ethnic Groups,29,International,PhD,2,Social sciences,To a large extent,Fairly often,Almost never,Sometimes,Very often,Never,Never,Very often,Sometimes,Fairly often,Almost never,Almost never,Very often,Doing things that I like. Clearly differentiating my work time from my leisure time.,Not sure,No,Almost never,Never,Never,Never,Never,Never,Sometimes,Sometimes,Sometimes,Fairly often,Sometimes,Almost never,
Male,White,24,UK,PhD,2,Life sciences,To a large extent,Fairly often,Sometimes,Almost never,Fairly often,Never,Sometimes,Sometimes,Fairly often,Sometimes,Almost never,Almost never,Sometimes,"Excercise, socialising",Not sure,No,Almost never,Almost never,Fairly often,Sometimes,Sometimes,Sometimes,Fairly often,Almost never,Almost never,Fairly often,Very often,Sometimes,
Male,White,24,UK,PhD,2,Life sciences,To a large extent,Fairly often,Fairly often,Almost never,Sometimes,Fairly often,Never,Very often,Fairly often,Sometimes,Almost never,Sometimes,Sometimes,"Complaining, gaming, ignoring problems, procrastinating ",No,Not sure,Very often,Very often,Almost never,Almost never,Almost never,Almost never,Fairly often,Sometimes,Very often,Very often,Very often,Never,Family illness
Male,White,29,UK,Taught master's degree,1,Physical science,Somewhat,Sometimes,Sometimes,Almost never,Almost never,Sometimes,Sometimes,Sometimes,Fairly often,Almost never,Almost never,Sometimes,Almost never,"Getting outside, doing excercise such as running or climbing. Going to the allotment. ",Yes,Yes,Sometimes,Almost never,Almost never,Never,Almost never,Almost never,Sometimes,Almost never,Sometimes,Almost never,Almost never,Almost never,family illness
Male,White,23,UK,PhD,1,Life sciences,Completely,Fairly often,Fairly often,Sometimes,Sometimes,Fairly often,Never,Sometimes,Sometimes,Fairly often,Almost never,Almost never,Almost never,"Socialising, tidying and exercise.",Not sure,Yes,Very often,Fairly often,Sometimes,Almost never,Never,Very often,Fairly often,Almost never,Sometimes,Sometimes,Never,Never,Relationships
Male,White,24,EU,PhD,3,Computer science,To a large extent,Fairly often,Very often,Never,Very often,Sometimes,Sometimes,Almost never,Fairly often,Never,Never,Never,Sometimes,"Getting work done, spending time with loved ones, outside activities",Yes,Yes,Sometimes,Very often,Very often,Never,Fairly often,Almost never,Very often,Never,Never,Fairly often,Never,Never,
Male,White,25,UK,PhD,1,Life sciences,Completely,Very often,Almost never,Sometimes,Very often,Fairly often,Sometimes,Sometimes,Very often,Sometimes,Fairly often,Almost never,Fairly often,"Unfortunately, I usually avoid the thing that's making me stressed instead of facing up to it, which in turn makes me more stressed.",No,Yes,Fairly often,Sometimes,Sometimes,Sometimes,Fairly often,Almost never,Fairly often,Very often,Almost never,Sometimes,Sometimes,Never,"Ending of a long-term relationship, whilst continuing to live together for a further three months. Coupled with numerous tight deadlines, the last three months have been turbulent. "
Male,White,25,UK,PhD,4,Life sciences,To a large extent,Sometimes,Sometimes,Sometimes,Very often,Fairly often,Very often,Fairly often,Fairly often,Never,Never,Fairly often,Never,"Working long hours to relieve deadline pressure
gardening
",Not sure,Not sure,Very often,Very often,Sometimes,Almost never,Fairly often,Sometimes,Very often,Sometimes,Very often,Almost never,Never,Never,
Male,White,38,UK,PhD,Other,Life sciences,To a large extent,Very often,Fairly often,Sometimes,Sometimes,Very often,Sometimes,Very often,Fairly often,Sometimes,Never,Never,Almost never,Running and swimming,No,No,Sometimes,Never,Sometimes,Sometimes,Very often,Sometimes,Sometimes,Never,Never,Fairly often,Fairly often,Very often,I am a full time employee of the health service
Male,White,21,UK,PhD,1,Other,To a large extent,Fairly often,Fairly often,Almost never,Sometimes,Almost never,Almost never,Fairly often,Fairly often,Sometimes,Almost never,Fairly often,Sometimes,I tend to put my worries into a work ethic,No,No,Fairly often,Fairly often,Fairly often,Sometimes,Almost never,Sometimes,Very often,Almost never,Sometimes,Very often,Sometimes,Sometimes,
Male,White,25,UK,PhD,1,Computer science,Somewhat,Almost never,Sometimes,Sometimes,Almost never,Never,Never,Never,Almost never,Never,Never,Never,Never,Talking and other things. I am very aware of mental health problems(My second year of Undergrad was terrible) Therefore learnt the reliance methods then. I also had a year of therapy in which I looked into meditation and mindfulness. Meditation in short burst. Occasionally I dip into a cup of Pukka Mint and licorice. Planning can also massively decrease stress  ,Yes,Yes,Almost never,Never,Never,Never,Almost never,Never,Never,Never,Never,Never,Never,Never,My supervisor has been extremely good as he expects me to work hard but also gives me time to work. 
Male,White,40,UK,Other,Other,Life sciences,To a large extent,Very often,Sometimes,Almost never,Very often,Fairly often,Almost never,Very often,Fairly often,Fairly often,Almost never,Sometimes,Never,science-fiction.,Yes,Not sure,Very often,Very often,Very often,Never,Almost never,Almost never,Fairly often,Sometimes,Sometimes,Very often,Very often,Never,
Male,White,21,UK,Other,3,"Clinical, pre-clinical and health",Somewhat,Sometimes,Sometimes,Fairly often,Almost never,Almost never,Almost never,Never,Never,Almost never,Sometimes,Never,Almost never,Mindfulness ,Yes,Yes,Fairly often,Sometimes,Fairly often,Never,Never,Never,Sometimes,Almost never,Fairly often,Never,Never,Never,N/A
Male,White,26,UK,PhD,3,Arts and humanities,To a small extent,Fairly often,Sometimes,Fairly often,Fairly often,Sometimes,Never,Almost never,Sometimes,Almost never,Almost never,Never,Almost never,"Reading non-fiction, focusing on the nature of a stressor and why it's stressing me out; trying to make sense of why something has an effect seems to take the sting out of it. Also, sticking with a sleep schedule helps",Yes,Not sure,Almost never,Almost never,Sometimes,Sometimes,Almost never,Sometimes,Sometimes,Never,Sometimes,Sometimes,Never,Almost never,
Male,White,25,UK,PhD,2,Engineering and technology,To a large extent,Sometimes,Almost never,Almost never,Very often,Fairly often,Sometimes,Fairly often,Sometimes,Very often,Almost never,Never,Very often,"Play guitar, watch Netflix shows, play videogames, play D&D.

Write lists of tasks, both urgent and important. ",Not sure,Yes,Sometimes,Sometimes,Almost never,Almost never,Never,Almost never,Almost never,Fairly often,Never,Very often,Almost never,Never,"Home issues, social anxiety causing loneliness."
Male,White,27,EU,Taught master's degree,1,Arts and humanities,To a large extent,Fairly often,Sometimes,Fairly often,Fairly often,Fairly often,Sometimes,Sometimes,Fairly often,Sometimes,Sometimes,Almost never,Almost never,"Cooking, walking, pacing around the flat, loud music and procrastination ",No,Not sure,Fairly often,Very often,Sometimes,Almost never,Almost never,Sometimes,Fairly often,Never,Sometimes,Fairly often,Fairly often,Very often,
Male,Asian / Asian British,22,UK,Research master's degree,1,Life sciences,To a large extent,Sometimes,Almost never,Almost never,Fairly often,Fairly often,Never,Never,Sometimes,Fairly often,Almost never,Never,Fairly often,"Music, not many coping mechanisms",No,Not sure,Very often,Very often,Never,Sometimes,Almost never,Fairly often,Very often,Almost never,Very often,Very often,Very often,Sometimes,"Passing of grandmother who i was close with. Uncertainty about PhD offer, career prospects and path"
Male,White,26,UK,Taught master's degree,1,Arts and humanities,To a large extent,Sometimes,Fairly often,Fairly often,Sometimes,Sometimes,Sometimes,Sometimes,Very often,Fairly often,Sometimes,Very often,Sometimes,"I usually meditate, perform exercise, listen to music, procrastinate and disassociate ",Not sure,Not sure,Fairly often,Sometimes,Sometimes,Sometimes,Fairly often,Fairly often,Sometimes,Fairly often,Very often,Very often,Very often,Very often,
Male,White,28,UK,PhD,1,Life sciences,To a large extent,Fairly often,Very often,Almost never,Very often,Fairly often,Fairly often,Sometimes,Sometimes,Sometimes,Almost never,Sometimes,Almost never,Walking and socialising with friends and family.,Not sure,Not sure,Sometimes,Sometimes,Fairly often,Fairly often,Fairly often,Sometimes,Almost never,Almost never,Almost never,Very often,Almost never,Never,Negative relationship between myself and a postdoc
Male,White,56,UK,PhD,2,Life sciences,To a small extent,Sometimes,Never,Never,Almost never,Fairly often,Never,Sometimes,Sometimes,Never,Never,Never,Sometimes,Water sports or running,Not sure,No,Sometimes,Sometimes,Almost never,Almost never,Almost never,Almost never,Fairly often,Almost never,Sometimes,Sometimes,Sometimes,Fairly often,Travel between university city and work city every week
Male,Mixed / Multiple Ethnic Groups,23,UK,Research master's degree,1,Life sciences,Completely,Fairly often,Almost never,Sometimes,Very often,Fairly often,Sometimes,Fairly often,Very often,Fairly often,Almost never,Sometimes,Fairly often,Exercise and my favourite genre of music,Yes,Yes,Sometimes,Fairly often,Sometimes,Almost never,Sometimes,Almost never,Fairly often,Very often,Very often,Fairly often,Fairly often,Fairly often,"Father has a terminal illness that is deteriorating. Additionally just separated from a serious, 5 year-long relationship. "
Male,White,25,UK,PhD,3,Social sciences,To a small extent,Sometimes,Almost never,Sometimes,Almost never,Sometimes,Almost never,Sometimes,Sometimes,Almost never,Almost never,Sometimes,Almost never,"Sports, exercise and other activities",Yes,Not sure,Sometimes,Sometimes,Sometimes,Sometimes,Almost never,Almost never,Almost never,Almost never,Sometimes,Almost never,Sometimes,Never,Brexit and American (USA) politics
Male,White,30,International,PhD,1,Life sciences,Somewhat,Sometimes,Sometimes,Almost never,Sometimes,Sometimes,Never,Never,Sometimes,Almost never,Never,Never,Almost never,"Drawing, reading and sports",Yes,Not sure,Sometimes,Sometimes,Never,Never,Never,Almost never,Very often,Sometimes,Fairly often,Fairly often,Very often,Never,
Prefer not to say,White,22,UK,Taught master's degree,2,Law,To a large extent,Very often,Almost never,Sometimes,Fairly often,Sometimes,Sometimes,Sometimes,Fairly often,Fairly often,Almost never,Almost never,Sometimes,"Sleeping, breathing techniques, food, physical contact, venting, advice seeking, getting outside.",No,Yes,Sometimes,Sometimes,Fairly often,Almost never,Almost never,Sometimes,Sometimes,Never,Fairly often,Fairly often,Very often,Fairly often,Family issues and a few health ups and downs.
Prefer not to say,White,22,UK,Taught master's degree,1,Arts and humanities,To a large extent,Sometimes,Sometimes,Fairly often,Fairly often,Almost never,Almost never,Sometimes,Fairly often,Sometimes,Sometimes,Sometimes,Almost never,"Keeping organised and cleaning, having a nice meal or bath",Not sure,Not sure,Fairly often,Very often,Fairly often,Sometimes,Sometimes,Almost never,Very often,Sometimes,Very often,Sometimes,Sometimes,Very often,Transphobia
